
Assembly Listing                                                                                                 Page: 1
------------------------------------------------------------------------------------------------------------------------

                            1 | ;   ******************************************
                            2 | ;
                            3 | ;            REASSEMBLY OF BDOS22.COM
                            4 | ;
                            5 | ;   ******************************************
                            6 | ;        LAST  REVISION: 03 JAN 82
                            7 | ;   ******************************************
                            8 | ;
                            9 | ;           DISCLAIMER NUMBER 1
                           10 | ;
                           11 | ;   Digital Research makes no reprentations or warranties
                           12 | ;   with respect to the contents hereof and specifically
                           13 | ;   disclaims any implied warranties of merchantability
                           14 | ;   or fitness for any particular purpose. Further,
                           15 | ;   Digital Research reserves the right to make changes
                           16 | ;   in the contents thereof without obligation of Digital
                           17 | ;   Research to notify any person of such revision or
                           18 | ;   changes.
                           19 | ;
                           20 | ;           DISCLAIMER NUMBER 2
                           21 | ;
                           22 | ;   This assembly listing is not the product of Digital
                           23 | ;   Research Inc. and as such cannot be guaranteed by
                           24 | ;   them or anybody else for accuracy or completeness.
                           25 | ;   The assigment of labels, comments and interpretation
                           26 | ;   of the code in general is thought to be appropriate,
                           27 | ;   but may not be exactly what the original authors of
                           28 | ;   the program had in mind. This disclaimer renounces
                           29 | ;   and ignores all other claims and disclaimers including
                           30 | ;   Disclaimer #1 above. This disclaimer also denies the
                           31 | ;   existence of this assembly listing, and by so assuming,
                           32 | ;   presumes that no part of this listing may be reproduced,
                           33 | ;   transmitted, transcribed, stored in a retrieval system,
                           34 | ;   or translated into any language or computer language,
                           35 | ;   in any form or by any means, electronic, mechanical,
                           36 | ;   optical, chemical, animal, vegetable, mineral,
                           37 | ;   or otherwise.
                           38 | ;
                           39 | ;   NOTE:
                           40 | ;
                           41 | ;   This is just a preliminary cut at the disassembly
                           42 | ;   of the main portion of CP/M. The non-disk portions
                           43 | ;   are fairly well commented, but the disk portions
                           44 | ;   are still being worked on. Further work is planned
                           45 | ;   and will be released when ready.
                           46 | ;
                           47 | ;   The points still being puzzled out are:
                           48 | ;
                           49 | ;   1.  The use of the null block mask for non 8" s.d.
                           50 | ;   disk systems.
                           51 | ;
                           52 | ;   2.  The use of the upper 3 bits of FILE CONTROL
                           53 | ;   BLOCK Byte 12 (extent byte). This is tied in with
                           54 | ;   the null block mask mentioned in #1 above.
                           55 | ;
                           56 | ;   3.  The full use of the 3- 16 bit parameters in each


Assembly Listing                                                                                                 Page: 2
------------------------------------------------------------------------------------------------------------------------

                           57 | ;   disk parameter block. The vectors to these 3 items are
                           58 | ;   DWORD1, DWORD2 & DWORD3. These are set to 0000H when
                           59 | ;   BIOS is first loaded. ((DWORD1)) is set to 0003H by 
                           60 | ;   LOGIN, and ((DWORD2)) & ((DWORD3)) are set to 0000H by
                           61 | ;   SETDIR which in in turn is called by LOGIN and SERCHF.
                           62 | ;   No explanation for these parameters is given in the
                           63 | ;   Digital Research documentation.
                           64 | ;
                           65 | ;   4.  The setting and resetting of the MSB of FCB byte
                           66 | ;   14. The bit is set when the file is opened, and when
                           67 | ;   each extent is opened. It is reset when a sector is
                           68 | ;   is written, or when the random read/write parameters
                           69 | ;   are set up. This may be some sort of flag to prevent
                           70 | ;   trying to read a write file. More digging into this
                           71 | ;   is required.
                           72 | ;
                           73 | ;   5.  The reason for FCB Byte 13 being skipped during
                           74 | ;   a directory file name search. The Digital Reasearch
                           75 | ;   documentation merely says that the byte is for int-
                           76 | ;   ernal use only, and that it is always set to 00H.
                           77 | ;   Does  the skipping of this byte mean that it is used
                           78 | ;   for some purpose in MP/M, or is this something reser-
                           79 | ;   ved for future use in a subsequent release?
                           80 | ;
                           81 | ;   EQUATES
                           82 | ;
                           83 | REBOOT: EQU 0000H   ;REBOOT CP/M VIA VECTOR @ 0000H
                           84 | IOBYTE: EQU 0003H   ;I/O ALLOCATION BYTE
                           85 | DDMA:   EQU 0080H   ;DEFAULT DMA ADDRESS
                           86 | SECLEN: EQU 0080H   ;STANDARD CP/M SECTOR LENGTH = 128
                           87 | ;
                           88 | CR: EQU 0DH ;CARRIAGE RETURN
                           89 | LF: EQU 0AH ;LINE FEED
                           90 | TAB:    EQU 09H ;TAB
                           91 | BCKSPA: EQU 08H ;BACKSPACES
                           92 | RUBOUT: EQU 7FH ;DELETE
                           93 | ;
                           94 |     .INCLUDE    "MEMCONF.DEF"
                            1 | MSIZE   EQU     64     ;SIZE OF CP/M SYSTEM IN KB
                            2 | BIAS    EQU (MSIZE-20)*1024
                            3 | CCP EQU 3400H+BIAS
                            4 | BDOS    EQU CCP+0806H
                            5 | BIOS    EQU CCP+1600H
                            6 | 
                            7 | VER:    EQU 2   ;CP/M VERSION
                            8 | REL:    EQU 2   ;CP/M RELEASE
                            9 | REV:    EQU 0   ;REVISION
                           10 | SNH:    EQU 00  ;SERIAL NUMBER, HIGH. 2 DIGITS
                           11 | SNL:    EQU 0000    ;SERIAL  NUMBER, LOW. 4 DIGITS
                           95 | ;
                           96 |     ORG BDOS-6  ;BDOS BASE. FIRST 5 BYTES CONTAIN SERIAL NUMBER AND VERSION
                           97 | ;
                           98 | ;
EC00: 00                   99 | SERNO:  DB  SNH ;HIGH DIGITS OF SERIAL NUMBER
EC01: 16                  100 |     DB  VER*10+REL  ;
EC02: 00 00               101 |     DW  REV ;


Assembly Listing                                                                                                 Page: 3
------------------------------------------------------------------------------------------------------------------------

EC04: 00 00               102 |     DB  SNL/256,SNL MOD 256 ;
                          103 | ;
                          104 | ;   NOTE:
                          105 | ;       The user must insert the proper serial numbers
                          106 | ;       into BDOS since these numbers are checked by
                          107 | ;       MOVECPM when creating a new system, and by
                          108 | ;       CCP every time a transient program is loaded.
                          109 | ;       Failure to have matching serial numbers will
                          110 | ;       cause an error condition.
                          111 | ;
                          112 | ;   MAIN BDOS ENTRY POINT.
                          113 | ;   ALL CALL ARE ROUTED THROUGH HERE BY
                          114 | ;   VECTOR LOCATED AT 0005H
                          115 | ;
                          116 |     ORG BDOS    ;THIS IS WHERE BDOS FUNCTIONS ARE CALLED
EC06: C3 11 EC            117 |     JMP BDOS1   ;JUMP OVER ERROR VECTORS TO START
                          118 | ;
                          119 | ;   ERROR HANDLER VECTORS
                          120 | ;
EC09: 99 EC               121 | ERR1:   DW  BSERR   ;<BAD   SECTOR   ERROR>
EC0B: A5 EC               122 | ERR2:   DW  SELER1  ;<DISK  SELECT   ERROR>
EC0D: AB EC               123 | ERR3:   DW  ROERR   ;<DISK READ ONLY ERROR>
EC0F: B1 EC               124 | ERR4:   DW  ROERR1  ;<FILE READ ONLY ERROR>
                          125 | ;
                          126 | ;   STARTING POINT OF BASIC DISK OPERATING SYSTEM
                          127 | ;
EC11: EB                  128 | BDOS1:  XCHG        ;
EC12: 22 43 EF            129 |     SHLD    ENTPAR  ;SAVE ENTRY PARAMETER FROM (DE)
EC15: EB                  130 |     XCHG        ;
EC16: 7B                  131 |     MOV A,E ;
EC17: 32 D6 F9            132 |     STA PARAM1  ;ALSO SAVE CONTENTS OF (E)
EC1A: 21 00 00            133 |     LXI H,0000  ;
EC1D: 22 45 EF            134 |     SHLD    RETPAR  ;ZERO OUT RETURN PARAMETER
EC20: 39                  135 |     DAD SP  ;
EC21: 22 0F EF            136 |     SHLD    PSTACK  ;SAVE CALLING PROGRAM STACK POINTER
EC24: 31 41 EF            137 |     LXI SP,BSTACK   ;SET UP BDOS STACK
EC27: AF                  138 |     XRA A   ;
EC28: 32 E0 F9            139 |     STA DISKNO  ;ZERO OUT DISK NUMBER
EC2B: 32 DE F9            140 |     STA SETUPF  ; & DISK SETUP FLAG
EC2E: 21 74 F9            141 |     LXI H,BDOS2 ;PUT EXIT POINT ADDRESS UP FOR
EC31: E5                  142 |     PUSH    H   ; USE WHEN COMMAND IS COMPLETED
EC32: 79                  143 |     MOV A,C ;MOVE COMMAND NUMBER INTO (A)
EC33: FE 29               144 |     CPI 29H ;CHECK FOR VALID COMMAND NUMBER
EC35: D0                  145 |     RNC     ;NO GOOD- THERE ARE ONLY 40 COMMANDS
EC36: 4B                  146 |     MOV C,E ;
EC37: 21 47 EC            147 |     LXI H,COMTAB ;POINT TO START OF COMMAND TABLE
EC3A: 5F                  148 |     MOV E,A ;
EC3B: 16 00               149 |     MVI D,00H   ;
EC3D: 19                  150 |     DAD D   ;
EC3E: 19                  151 |     DAD D   ;POINT TO COMMAND VECTOR
EC3F: 5E                  152 |     MOV E,M ;
EC40: 23                  153 |     INX H   ;
EC41: 56                  154 |     MOV D,M ;MOVE COMMAND VECTOR INTO (DE)
EC42: 2A 43 EF            155 |     LHLD    ENTPAR  ;GET BACK ORIGINAL ENTRY CONTENTS OF (DE)
EC45: EB                  156 |     XCHG        ;SWAP 'EM
EC46: E9                  157 |     PCHL        ;THEN GO OFF TO DO THE COMMAND


Assembly Listing                                                                                                 Page: 4
------------------------------------------------------------------------------------------------------------------------

                          158 | ;
                          159 | ;   BDOS COMMAND VECTOR TABLE
                          160 | ;
                          161 | ;   Contains vectors for 40 commands, including two
                          162 | ;   reserved spaces for future commands, and two
                          163 | ;   undocumented commands. Commands marked '*' are
                          164 | ;   different from the similarly numbered commands
                          165 | ;   in CP/M 1.4
                          166 | ;
EC47: 03 FA               167 | COMTAB: DW  WBOOT   ;   BIOS CALL/WARM BOOT
EC49: C8 EE               168 |     DW  COM01   ;   CONSOLE INPUT
EC4B: 90 ED               169 |     DW  COM02   ;   CONSOLE OUTPUT
EC4D: CE EE               170 |     DW  COM03   ;   TAPE READER INPUT
EC4F: 12 FA               171 |     DW  PUNCH   ;   BIOS CALL/PUNCH DEVICE OUTPUT
EC51: 0F FA               172 |     DW  LIST    ;   BIOS CALL/LIST DEVICE OUTPUT
EC53: D4 EE               173 |     DW  COM06   ;*  DIRECT CONSOLE I/O
EC55: ED EE               174 |     DW  COM07   ;   GET I/O BYTE
EC57: F3 EE               175 |     DW  COM08   ;   SET I/O BYTE
EC59: F8 EE               176 |     DW  COM09   ;   PRINT STRING
EC5B: E1 ED               177 |     DW  COM10   ;*  READ CONSOLE BUFFER
EC5D: FE EE               178 |     DW  COM11   ;   GET CONSOLE STATUS
EC5F: 7E F8               179 |     DW  COM12   ;*  RETURN VERSION NUMBER
EC61: 83 F8               180 |     DW  COM13   ;   RESET DISK SYSTEM
EC63: 45 F8               181 |     DW  COM14   ;   SELECT DISK DRIVE
EC65: 9C F8               182 |     DW  COM15   ;*  OPEN FILE
EC67: A5 F8               183 |     DW  COM16   ;   CLOSE FILE
EC69: AB F8               184 |     DW  COM17   ;*  SEARCH FOR FIRST OCCURENCE
EC6B: C8 F8               185 |     DW  COM18   ;   SEARCH FOR NEXT OCCURENCE
EC6D: D7 F8               186 |     DW  COM19   ;*  DELETE FILE
EC6F: E0 F8               187 |     DW  COM20   ;   READ SEQUENTIAL FILE
EC71: E6 F8               188 |     DW  COM21   ;   WRITE SEQUENTIAL FILE
EC73: EC F8               189 |     DW  COM22   ;*  MAKE FILE
EC75: F5 F8               190 |     DW  COM23   ;*  RENAME FILE
EC77: FE F8               191 |     DW  COM24   ;   RETURN LOG-IN VECTOR
EC79: 04 F9               192 |     DW  COM25   ;   RETURN CURRENT DISK NUMBER
EC7B: 0A F9               193 |     DW  COM26   ;   GET DMA ADDRESS
EC7D: 11 F9               194 |     DW  COM27   ;   INTEROGATE DISK ALLOCATION
EC7F: 2C F1               195 |     DW  COM28   ;*  WRITE PROTECT DISK
EC81: 17 F9               196 |     DW  COM29   ;*  GET R/O VECTOR ADDRESS
EC83: 1D F9               197 |     DW  COM30   ;*  SET FILE ATTRIBUTES
EC85: 26 F9               198 |     DW  COM31   ;*  GET DISK PARAMETER ADDRESS
EC87: 2D F9               199 |     DW  COM32   ;*  SET USER/GET USER NUMBER
EC89: 41 F9               200 |     DW  COM33   ;*  READ RANDOM FILE
EC8B: 47 F9               201 |     DW  COM34   ;*  WRITE RANDOM FILE
EC8D: 4D F9               202 |     DW  COM35   ;*  COMPUTE FILE SIZE
EC8F: 0E F8               203 |     DW  COM36   ;*  SET RAMDOM RECORD LENGTH
EC91: 53 F9               204 |     DW  COM37   ;** UNDOCUMENTED COMMAND
EC93: 04 EF               205 |     DW  DUMMY   ;** RESERVED FOR FUTURE USE
EC95: 04 EF               206 |     DW  DUMMY   ;** RESERVED FOR FUTURE USE
EC97: 9B F9               207 |     DW  COM40   ;** UNDOCUMENTED COMMAND
                          208 | ;
                          209 | ;   BDOS ERROR HANDLING ROUTINES
                          210 | ;
EC99: 21 CA EC            211 | BSERR:  LXI H,ERMSG2    ;<BAD SECTOR ERROR>
EC9C: CD E5 EC            212 |     CALL    ERRMSG  ;
EC9F: FE 03               213 |     CPI 03H ;CHECK FOR A CONTROL C


Assembly Listing                                                                                                 Page: 5
------------------------------------------------------------------------------------------------------------------------

ECA1: CA 00 00            214 |     JZ  REBOOT  ;
ECA4: C9                  215 |     RET     ;
                          216 | ;
                          217 | ;   NOTE:
                          218 | ;       There should be some change made to this
                          219 | ;       piece of code because when you have tried
                          220 | ;       to select a non-existent drive, you will
                          221 | ;       reboot and immediately try to select that
                          222 | ;       drive. This gives an error message and a
                          223 | ;       reboot which reselects the drive........
                          224 | ;
ECA5: 21 D5 EC            225 | SELER1: LXI H,ERMSG3    ;<DISK SELECT ERROR>
ECA8: C3 B4 EC            226 |     JMP ROERR2  ;
                          227 | ;
ECAB: 21 00 00            228 | ROERR:  LXI H,ERMSG5    ;<DISK READ ONLY ERROR>
ECAE: C3 B4 EC            229 |     JMP ROERR2  ;
                          230 | ;
ECB1: 21 DC EC            231 | ROERR1: LXI H,ERMSG4    ;<FILE READ ONLY ERROR>
ECB4: CD E5 EC            232 | ROERR2: CALL    ERRMSG  ;
ECB7: C3 00 00            233 |     JMP REBOOT  ;
                          234 | ;
                          235 | ;   ERROR MESSAGE STRINGS
                          236 | ;
ECBA: 42 64 6F 73 20...   237 | ERMSG0: DB  'Bdos Err On  : $'
                          238 | ERMSG1: EQU ERMSG0+12   ;
                          239 | ;
ECCA: 42 61 64 20 53...   240 | ERMSG2: DB  'Bad Sector$'   ;
                          241 | ;
ECD5: 53 65 6C 65 63...   242 | ERMSG3: DB  'Select$'   ;
                          243 | ;
ECDC: 46 69 6C 65 20...   244 | ERMSG4: DB  'File R/O$' ;
                          245 | ERMSG5: EQU ERMSG4+5    ;
                          246 | ;
                          247 | ;   PRINT OUT THE ERROR MESSAGE
                          248 | ;
ECE5: E5                  249 | ERRMSG: PUSH    H   ;SAVE THE POINTER
ECE6: CD C9 ED            250 |     CALL    PCRLF   ;START A NEW LINE
ECE9: 3A 42 EF            251 |     LDA CURDSK  ;GET THE CURRENT DISK NUMBER
ECEC: C6 41               252 |     ADI 'A' ;ADD THE ASCII BIAS+1
ECEE: 32 C6 EC            253 |     STA ERMSG1  ;POKE INTO ERROR MESSAGE
ECF1: 01 BA EC            254 |     LXI B,ERMSG0    ;POINT TO ERROR MESSAGE
ECF4: CD D3 ED            255 |     CALL    PRNSTR  ;PRINT ERROR MESSAGE STRING
ECF7: C1                  256 |     POP B   ;GET BACK ORIGINAL POINTER
ECF8: CD D3 ED            257 |     CALL    PRNSTR  ;  AND PRINT THAT STRING TOO.
                          258 | ;
                          259 | ;   CONSOLE KEYBOARD INPUT
                          260 | ;
ECFB: 21 0E EF            261 | INPUT:  LXI H,KYBDFL    ;SWAP THE CONTENTS OF THE KEYBOARD FLAG BYTE
ECFE: 7E                  262 |     MOV A,M ;WITH A 00
ECFF: 36 00               263 |     MVI M,00H   ;
ED01: B7                  264 |     ORA A   ;
ED02: C0                  265 |     RNZ     ;RETURN IF SOMETHING ALREADY THERE
ED03: C3 09 FA            266 |     JMP CONIN   ;ELSE GET SOMETHING VIA A BIOS CALL  TO CONSOLE INPUT
                          267 | ;
ED06: CD FB EC            268 | INCHR:  CALL    INPUT   ;GET A CHARACTER FROM KEYBOARD
ED09: CD 14 ED            269 |     CALL    SETFLG  ;CHECK TO SEE IF IS A COTROL CHARACTER


Assembly Listing                                                                                                 Page: 6
------------------------------------------------------------------------------------------------------------------------

ED0C: D8                  270 |     RC      ;RETURN IF IT IS
ED0D: F5                  271 |     PUSH    PSW ;ELSE ECHO IT TO THE CONSOLE
ED0E: 4F                  272 |     MOV C,A ; (AND PERHAPS THE LIST DEVICE)
ED0F: CD 90 ED            273 |     CALL    COM02   ;CONSOLE OUTPUT
ED12: F1                  274 |     POP PSW ;
ED13: C9                  275 |     RET     ;
                          276 | ;
                          277 | ;   SET THE CARRY FLAG IF A CONTROL CHARACTER OTHER THAN
                          278 | ;   CR, LF, TAB OR BACKSPACE IS ENCOUNTERED
                          279 | ;
ED14: FE 0D               280 | SETFLG: CPI CR  ;
ED16: C8                  281 |     RZ      ;
ED17: FE 0A               282 |     CPI LF  ;
ED19: C8                  283 |     RZ      ;
ED1A: FE 09               284 |     CPI TAB ;
ED1C: C8                  285 |     RZ      ;
ED1D: FE 08               286 |     CPI BCKSPA  ;
ED1F: C8                  287 |     RZ      ;
ED20: FE 20               288 |     CPI ' ' ;
ED22: C9                  289 |     RET     ;
                          290 | ;
                          291 | ;   CHECK TO KEYBOARD STATUS TO SEE IF THERE IS
                          292 | ;   SOMETHING TO REPORT
                          293 | ;
ED23: 3A 0E EF            294 | KBSTAT: LDA KYBDFL  ;CHECK THE FLAG
ED26: B7                  295 |     ORA A   ;
ED27: C2 45 ED            296 |     JNZ KBSTA2  ;SOMETHING ALREADY ON HAND
                          297 | ;
ED2A: CD 06 FA            298 |     CALL    CONST   ;BIOS CALL/CONSOLE STATUS
ED2D: E6 01               299 |     ANI 01H ;CHECK LSB ONLY
ED2F: C8                  300 |     RZ      ;NOTHING, SO JUST RETURN
                          301 | ;
ED30: CD 09 FA            302 |     CALL    CONIN   ;BIOS CALL/CONSOLE INPUT
ED33: FE 13               303 |     CPI 13H ;CHECK FOR A CONTROL S
ED35: C2 42 ED            304 |     JNZ KBSTA1  ;EXIT ON CONTROL S
ED38: CD 09 FA            305 |     CALL    CONIN   ;BIOS CALL/CONSOLE INPUT
ED3B: FE 03               306 |     CPI 03H ;CHECK AGAIN FOR A CONTROL C
ED3D: CA 00 00            307 |     JZ  REBOOT  ;REBOOT IF THE IS ^C
ED40: AF                  308 |     XRA A   ; ELSE CLEAR THE EVIDENCE
ED41: C9                  309 |     RET     ;  AND EXIT
                          310 | ;
ED42: 32 0E EF            311 | KBSTA1: STA KYBDFL  ;MARK THE FLAG 'IN USE'
ED45: 3E 01               312 | KBSTA2: MVI A,01H   ; SET RETURN BYTE
ED47: C9                  313 |     RET     ;
                          314 | ;
                          315 | ;   OUTPUT ONE CHARACTER TO THE CONSOLE OUTPUT DEVICE
                          316 | ;   (AND TO THE LIST DEVICE IF THE ^P FLAG IS SET)
                          317 | ;
                          318 | ;   CHARACTER TO BE OUTPUT IS RECEIVED IN (C)
                          319 | ;
ED48: 3A 0A EF            320 | OUTPUT: LDA CHCTR1  ;
ED4B: B7                  321 |     ORA A   ;
ED4C: C2 62 ED            322 |     JNZ OUTPT1  ;
ED4F: C5                  323 |     PUSH    B   ;
ED50: CD 23 ED            324 |     CALL    KBSTAT  ;
ED53: C1                  325 |     POP B   ;


Assembly Listing                                                                                                 Page: 7
------------------------------------------------------------------------------------------------------------------------

ED54: C5                  326 |     PUSH    B   ;
ED55: CD 0C FA            327 |     CALL    CONOUT  ;BIOS CALL/CONSOLE OUTPUT
ED58: C1                  328 |     POP B   ;
ED59: C5                  329 |     PUSH    B   ;
ED5A: 3A 0D EF            330 |     LDA LISTFL  ;CHECK TO SEE IF LIST DEVICE IS SET
ED5D: B7                  331 |     ORA A   ;
ED5E: C4 0F FA            332 |     CNZ LIST    ; IT IS SO DO A BIOS CALL TO LIST DEVICE OUTPUT
ED61: C1                  333 |     POP B   ;
ED62: 79                  334 | OUTPT1: MOV A,C ;
ED63: 21 0C EF            335 |     LXI H,CHRCTR    ;
ED66: FE 7F               336 |     CPI RUBOUT  ;DON'T COUNT RUBOUTS
ED68: C8                  337 |     RZ      ;
ED69: 34                  338 |     INR M   ;BUMP CHARACTER COUNTER
ED6A: FE 20               339 |     CPI ' ' ;
ED6C: D0                  340 |     RNC     ;OK- IT WAS A PRINTABLE CHARACTER
ED6D: 35                  341 |     DCR M   ;UNDO WHAT YOU JUST DID
ED6E: 7E                  342 |     MOV A,M ;** SUPERFLOUS CODE!
ED6F: B7                  343 |     ORA A   ;** SET FLAG LIKE IT WAS SET BY DCR M
ED70: C8                  344 |     RZ      ;
ED71: 79                  345 |     MOV A,C ;
ED72: FE 08               346 |     CPI BCKSPA  ;CHECK FOR A BACKSPACE
ED74: C2 79 ED            347 |     JNZ OUTPT2  ;
ED77: 35                  348 |     DCR M   ;DECREASE COUNTER IF BACKSPACE
ED78: C9                  349 |     RET     ;
                          350 | ;
ED79: FE 0A               351 | OUTPT2: CPI LF  ;ZERO OUT CHARACTER COUNTER IF
ED7B: C0                  352 |     RNZ     ;A LINE FEED IS FOUND, ELSE JUST
ED7C: 36 00               353 |     MVI M,00H   ;RETURN TO CALLER
ED7E: C9                  354 |     RET     ;
                          355 | ;
                          356 | ;   CHARACTER OUTPUT
                          357 | ;
                          358 | ;   CHARACTER TO BE PRINTED RECEIVED IN (C)
                          359 | ;
                          360 | ;   PRINTS CONTROL CHARACTERS AS ^[LETTER]
                          361 | ;   EXPANDS TABS TO 8 BYTE BOUNDARIES
                          362 | ;
ED7F: 79                  363 | OUTCHR: MOV A,C ;
ED80: CD 14 ED            364 |     CALL    SETFLG  ;
ED83: D2 90 ED            365 |     JNC COM02   ; NOT A CONTROL CHAR SO JUST DO CONSOLE OUTPUT
ED86: F5                  366 |     PUSH    PSW ;STASH THE CHARACTER
ED87: 0E 5E               367 |     MVI C,'^'   ;PRINT AN UP-ARROW
ED89: CD 48 ED            368 |     CALL    OUTPUT  ;
ED8C: F1                  369 |     POP PSW ;GET CHARACTER BACK
ED8D: F6 40               370 |     ORI 40H ;REPLACE ASCII BIAS
ED8F: 4F                  371 |     MOV C,A ;
ED90: 79                  372 | COM02:  MOV A,C ;CONSOLE OUTPUT
ED91: FE 09               373 |     CPI TAB ;
ED93: C2 48 ED            374 |     JNZ OUTPUT  ;NOT A TAB, JUST OUTPUT
ED96: 0E 20               375 | OUTCH2: MVI C,' '   ; IT WAS A TAB, SPACE TO NEXT 8 BYTE STOP.
ED98: CD 48 ED            376 |     CALL    OUTPUT  ;
ED9B: 3A 0C EF            377 |     LDA CHRCTR  ;CHECK THE COUNTER
ED9E: E6 07               378 |     ANI 07H ;
EDA0: C2 96 ED            379 |     JNZ OUTCH2  ;NOT AT EVEN LOCATION, DO ANOTHER
EDA3: C9                  380 |     RET     ;
                          381 | ;


Assembly Listing                                                                                                 Page: 8
------------------------------------------------------------------------------------------------------------------------

                          382 | ;   BLANK OUT THE CURRENT CURSOR POSITION
                          383 | ;   BY BACKSPACE, SPACE.
                          384 | ;
EDA4: CD AC ED            385 | BLANK:  CALL    BLANK1  ;
EDA7: 0E 20               386 |     MVI C,' '   ;
EDA9: CD 0C FA            387 |     CALL    CONOUT  ;BIOS CALL/CONSOLE OUTPUT
EDAC: 0E 08               388 | BLANK1: MVI C,BCKSPA    ;
EDAE: C3 0C FA            389 |     JMP CONOUT  ;BIOS CALL/CONSOLE OUTPUT
                          390 | ;
                          391 | ;   BREAK OUT OF THE CURRENT DISPLAY LINE AND
                          392 | ;   START A NEW LINE. USED BY ^U (ABORT LINE),
                          393 | ;   AND ^R (RETYPE LINE) IN CONSOLE BUFFER INPUT.
                          394 | ;
EDB1: 0E 23               395 | BREAK:  MVI C,'#'   ;MARK THE EXIT POINT
EDB3: CD 48 ED            396 |     CALL    OUTPUT  ;
EDB6: CD C9 ED            397 |     CALL    PCRLF   ;START A NEW LINE
EDB9: 3A 0C EF            398 | BREAK1: LDA CHRCTR  ;OUTPUT BLANKS UNTIL COUNTERS MATCH
EDBC: 21 0B EF            399 |     LXI H,CHCTR2    ;
EDBF: BE                  400 |     CMP M   ;
EDC0: D0                  401 |     RNC     ;
EDC1: 0E 20               402 |     MVI C,' '   ;
EDC3: CD 48 ED            403 |     CALL    OUTPUT  ;
EDC6: C3 B9 ED            404 |     JMP BREAK1  ;
                          405 | ;
                          406 | ;   STANDARD CARRIAGE RETURN/LINE FEED SUBROUTINE
                          407 | ;
EDC9: 0E 0D               408 | PCRLF:  MVI C,CR    ;
EDCB: CD 48 ED            409 |     CALL    OUTPUT  ;
EDCE: 0E 0A               410 |     MVI C,LF    ;
EDD0: C3 48 ED            411 |     JMP OUTPUT  ;
                          412 | ;
                          413 | ;   PRINT A STRING UNTIL A '$' IS FOUND
                          414 | ;
EDD3: 0A                  415 | PRNSTR: LDAX    B   ;
EDD4: FE 24               416 |     CPI '$' ;END OF STRING MARKER
EDD6: C8                  417 |     RZ      ;
EDD7: 03                  418 |     INX B   ;
EDD8: C5                  419 |     PUSH    B   ;
EDD9: 4F                  420 |     MOV C,A ;
EDDA: CD 90 ED            421 |     CALL    COM02   ;CONSOLE OUTPUT
EDDD: C1                  422 |     POP B   ;
EDDE: C3 D3 ED            423 |     JMP PRNSTR  ;
                          424 | ;
                          425 | ;   BDOS COMMAND #10....READ THE CONSOLE BUFFER
                          426 | ;   ON ENTRY (DE) POINTS TO START OF THE BUFFER
                          427 | ;   FIRST BYTE OF BUFFER CONTAINS THE MAXIMUM
                          428 | ;   ALLOWABLE LINE LENGTH. SECOND BYTE WILL
                          429 | ;   CONTAIN CURRENT BUFFER LENGTH ON RETURN.
                          430 | ;
EDE1: 3A 0C EF            431 | COM10:  LDA CHRCTR  ;
EDE4: 32 0B EF            432 |     STA CHCTR2  ;
EDE7: 2A 43 EF            433 |     LHLD    ENTPAR  ;WHY? YOU ALREADY HAVE THIS IN (DE)!
EDEA: 4E                  434 |     MOV C,M ;PUT MAXIMUM COUNT IN (C)
EDEB: 23                  435 |     INX H   ;
EDEC: E5                  436 |     PUSH    H   ;SAVE START+1
EDED: 06 00               437 |     MVI B,00H   ;ZERO THE CURRENT CHARACTER COUNTER


Assembly Listing                                                                                                 Page: 9
------------------------------------------------------------------------------------------------------------------------

                          438 | ;
                          439 | ;   TOP OF INPUT LINE LOOP
                          440 | ;
EDEF: C5                  441 | LLOOP:  PUSH    B   ;
EDF0: E5                  442 |     PUSH    H   ;
EDF1: CD FB EC            443 | LINE1:  CALL    INPUT   ;GET A CHAR FROM KEYBOARD
EDF4: E6 7F               444 |     ANI 7FH ;STRIP OFF MSB
EDF6: E1                  445 |     POP H   ;
EDF7: C1                  446 |     POP B   ;
EDF8: FE 0D               447 |     CPI CR  ;
EDFA: CA C1 EE            448 |     JZ  LINE16  ;EXIT ON <CR> OR <LF>
EDFD: FE 0A               449 |     CPI LF  ;
EDFF: CA C1 EE            450 |     JZ  LINE16  ;
EE02: FE 08               451 |     CPI BCKSPA  ;
EE04: C2 16 EE            452 |     JNZ LINE2   ;
EE07: 78                  453 |     MOV A,B ;
EE08: B7                  454 |     ORA A   ;
EE09: CA EF ED            455 |     JZ  LLOOP   ;DO NOTHING IF AT START OF LINE
EE0C: 05                  456 |     DCR B   ;
EE0D: 3A 0C EF            457 |     LDA CHRCTR  ;
EE10: 32 0A EF            458 |     STA CHCTR1  ;
EE13: C3 70 EE            459 |     JMP LINE9   ;
                          460 | ;
EE16: FE 7F               461 | LINE2:  CPI RUBOUT  ;RUBOUT?
EE18: C2 26 EE            462 |     JNZ LINE3   ;
EE1B: 78                  463 |     MOV A,B ;
EE1C: B7                  464 |     ORA A   ;
EE1D: CA EF ED            465 |     JZ  LLOOP   ;DO NOTHING IF AT START OF A LINE
EE20: 7E                  466 |     MOV A,M ;
EE21: 05                  467 |     DCR B   ;
EE22: 2B                  468 |     DCX H   ;
EE23: C3 A9 EE            469 |     JMP LINE14  ;
                          470 | ;
                          471 | ;   CONTROL E....OUTPUT A CR/LF TO THE CONSOLE, BUT
                          472 | ;           DON'T INSERT IT INTO THE LINE
                          473 | ;
EE26: FE 05               474 | LINE3:  CPI 05H ;^E
EE28: C2 37 EE            475 |     JNZ LINE4   ;
EE2B: C5                  476 |     PUSH    B   ;
EE2C: E5                  477 |     PUSH    H   ;
EE2D: CD C9 ED            478 |     CALL    PCRLF   ;
EE30: AF                  479 |     XRA A   ;
EE31: 32 0B EF            480 |     STA CHCTR2  ;
EE34: C3 F1 ED            481 |     JMP LINE1   ;
                          482 | ;
                          483 | ;   CONTROL P....SET THE LIST DEVICE FLAG SO THAT
                          484 | ;       ALL CONSOLE OUTPUT IS ALSO SENT TO
                          485 | ;       THE LIST DEVICE.
                          486 | ;
                          487 | ;   NOTE:   The line marked ** should be changed to
                          488 | ;       XRA  M so that the flag is toggled, not
                          489 | ;       just made non zero. The current code does
                          490 | ;       not work the way the CP/M manual says.
                          491 | ;       The change makes it convenient to turn
                          492 | ;       printer on and off without rebooting.
                          493 | ;


Assembly Listing                                                                                                Page: 10
------------------------------------------------------------------------------------------------------------------------

EE37: FE 10               494 | LINE4:  CPI 10H ;^P
EE39: C2 48 EE            495 |     JNZ LINE5   ;
EE3C: E5                  496 |     PUSH    H   ;
EE3D: 21 0D EF            497 |     LXI H,LISTFL    ;
EE40: 3E 01               498 |     MVI A,01H   ;
EE42: 96                  499 |     SUB M   ;** (SHOULD BE XRA M)
EE43: 77                  500 |     MOV M,A ;
EE44: E1                  501 |     POP H   ;
EE45: C3 EF ED            502 |     JMP LLOOP   ;
                          503 | ;
                          504 | ;   CONTROL X....BACKSPACE OVER THE CONSOLE LINE
                          505 | ;   AND RESTART THE LINE INPUT. THIS SOUNDS LIKE
                          506 | ;   A NICE IDEA, BUT THINGS GET SCREWED UP BY
                          507 | ;   BACKSPACING THEN RETYPING AT TAB LOCATIONS,
                          508 | ;   AND BY CONTROL CHARACTERS BEING DISPLAYED AS
                          509 | ;   TWO CHARACTERS, BUT STORED IN MEMORY AS ONLY
                          510 | ;   ONE CHARACTER. IN SHORT, EXPECT TO SEE A MESS
                          511 | ;   EVERY SO OFTEN. CONTROL U IS REALLY BETTER.
                          512 | ;
EE48: FE 18               513 | LINE5:  CPI 18H ;^X
EE4A: C2 5F EE            514 |     JNZ LINE7   ;
EE4D: E1                  515 |     POP H   ;
EE4E: 3A 0B EF            516 | LINE6:  LDA CHCTR2  ;WIPE OUT CHARACTERS UNTIL THE COUNTERS MATCH
EE51: 21 0C EF            517 |     LXI H,CHRCTR    ;
EE54: BE                  518 |     CMP M   ;
EE55: D2 E1 ED            519 |     JNC COM10   ;THEY MATCH, SO RESTART CONSOLE INPUT
EE58: 35                  520 |     DCR M   ;
EE59: CD A4 ED            521 |     CALL    BLANK   ;DESTRUCTIVE BACKSPACE
EE5C: C3 4E EE            522 |     JMP LINE6   ;
                          523 | ;
                          524 | ;   CONTROL U....ABORT OUT OF CURRENT INPUT LINE
                          525 | ;   AND START OVER AGAIN.
                          526 | ;
EE5F: FE 15               527 | LINE7:  CPI 15H ;^U
EE61: C2 6B EE            528 |     JNZ LINE8   ;
EE64: CD B1 ED            529 |     CALL    BREAK   ;ECHO A '#' AND A CR/LF
EE67: E1                  530 |     POP H   ;GET BACK POINTER TO START OF BUFFER
EE68: C3 E1 ED            531 |     JMP COM10   ; AND START ALL OVER AGAIN.
                          532 | ;
                          533 | ;   CONTROL R....DROP DOWN TO NEW LINE AND RETYPE
                          534 | ;   THE CONTENTS OF THE CONSOLE BUFFER. USEFULL
                          535 | ;   TO CLEAN UP MESS MADE WHEN BACKSPACING HAS
                          536 | ;   SCREWED UP THE TAB COUNT OR CONTROL CHARACTER DISPLAY
                          537 | ;
EE6B: FE 12               538 | LINE8:  CPI 12H ;^R
EE6D: C2 A6 EE            539 |     JNZ LINE13  ;
EE70: C5                  540 | LINE9:  PUSH    B   ;SAVE THE CHARACTER COUNT
EE71: CD B1 ED            541 |     CALL    BREAK   ;OUTPUT A '#' AND CR/LF
EE74: C1                  542 |     POP B   ;
EE75: E1                  543 |     POP H   ;GET BACK POINTER TO START OF LINE
EE76: E5                  544 |     PUSH    H   ;   AND RESAVE IT.
EE77: C5                  545 |     PUSH    B   ;RESAVE CHARACTER COUNT
                          546 | ;
                          547 | ;   RETYPE UNTIL COUNT IN (B) IS 0
                          548 | ;
EE78: 78                  549 | LINE10: MOV A,B ;


Assembly Listing                                                                                                Page: 11
------------------------------------------------------------------------------------------------------------------------

EE79: B7                  550 |     ORA A   ;
EE7A: CA 8A EE            551 |     JZ  LINE11  ;
EE7D: 23                  552 |     INX H   ;
EE7E: 4E                  553 |     MOV C,M ;
EE7F: 05                  554 |     DCR B   ;
EE80: C5                  555 |     PUSH    B   ;
EE81: E5                  556 |     PUSH    H   ;
EE82: CD 7F ED            557 |     CALL    OUTCHR  ;
EE85: E1                  558 |     POP H   ;
EE86: C1                  559 |     POP B   ;
EE87: C3 78 EE            560 |     JMP LINE10  ;
                          561 | ;
EE8A: E5                  562 | LINE11: PUSH    H   ;
EE8B: 3A 0A EF            563 |     LDA CHCTR1  ;
EE8E: B7                  564 |     ORA A   ;
EE8F: CA F1 ED            565 |     JZ  LINE1   ;
EE92: 21 0C EF            566 |     LXI H,CHRCTR    ;
EE95: 96                  567 |     SUB M   ;
EE96: 32 0A EF            568 |     STA CHCTR1  ;
EE99: CD A4 ED            569 | LINE12: CALL    BLANK   ;
EE9C: 21 0A EF            570 |     LXI H,CHCTR1    ;
EE9F: 35                  571 |     DCR M   ;
EEA0: C2 99 EE            572 |     JNZ LINE12  ;
EEA3: C3 F1 ED            573 |     JMP LINE1   ;
                          574 | ;
EEA6: 23                  575 | LINE13: INX H   ;
EEA7: 77                  576 |     MOV M,A ;STORE CHARACTER IN INPUT BUFFER
EEA8: 04                  577 |     INR B   ;INCREMENT CURRENT COUNTER
EEA9: C5                  578 | LINE14: PUSH    B   ;
EEAA: E5                  579 |     PUSH    H   ;
EEAB: 4F                  580 |     MOV C,A ;ECHO CHARACTER TO CONSOLE OUTPUT
EEAC: CD 7F ED            581 |     CALL    OUTCHR  ;
EEAF: E1                  582 |     POP H   ;
EEB0: C1                  583 |     POP B   ;
EEB1: 7E                  584 |     MOV A,M ;CHECK TO SEE IF A CONTROL C HAS
EEB2: FE 03               585 |     CPI 03H ;  BEEN SNUCK IN ON US.
EEB4: 78                  586 |     MOV A,B ;
EEB5: C2 BD EE            587 |     JNZ LINE15  ;NOPE- CONTINUE ON OUR WAY
EEB8: FE 01               588 |     CPI 01H ;YEP- DO A REBOOT ONLY IF AT THE
EEBA: CA 00 00            589 |     JZ  REBOOT  ;     HEAD OF A LINE.
EEBD: B9                  590 | LINE15: CMP C   ;CHECK THE CURRENT LINE COUNT AGAINST MAXIMUM.
EEBE: DA EF ED            591 |     JC  LLOOP   ;OK- THERE'S STILL ROOM, BACK FOR MORE
                          592 | ;
                          593 | ;   EXIT POINT....WE GET HERE BY A <CR>, A <LF> OR
                          594 | ;       IF THE LINE IS AT THE MAXIMUM.
                          595 | ;
EEC1: E1                  596 | LINE16: POP H   ;RESTORE POINTER TO HEAD OF LINE
EEC2: 70                  597 |     MOV M,B ;STASH THE LINE COUNT IN IT
EEC3: 0E 0D               598 |     MVI C,CR    ;  AND DO A CARRIAGE RETURN TO
EEC5: C3 48 ED            599 |     JMP OUTPUT  ;    MARK OUR DEPARTURE
                          600 | ;
                          601 | ;   BDOS COMMAND #1....GET A CHARACTER FROM THE KEYBOARD
                          602 | ;       ECHO IT TO THE CONSOLE UNLESS IT IS A
                          603 | ;       CONTROL CHARACTER.
                          604 | ;
EEC8: CD 06 ED            605 | COM01:  CALL    INCHR   ;CONSOLE INPUT


Assembly Listing                                                                                                Page: 12
------------------------------------------------------------------------------------------------------------------------

EECB: C3 01 EF            606 |     JMP EXIT1   ;
                          607 | ;
                          608 | ;   BDOS COMMAND #3....READ ONE CHARACTER FROM THE
                          609 | ;       PAPER TAKE READER ATTACHED TO YOUR
                          610 | ;       ASR-33 TELETYPE. (YOU OWN ONE OF THOSE
                          611 | ;       BEASTS, AND USE IT AS YOUR PRIMARY CONSOLE
                          612 | ;       DEVICE DON'T YOU?)
                          613 | ;
EECE: CD 15 FA            614 | COM03:  CALL    READER  ;INPUTBIOS CALL/TAPE READER INPUT
EED1: C3 01 EF            615 |     JMP EXIT1   ;
                          616 | ;
                          617 | ;   BDOS COMMAND #6....DIRECT CONSOLE I/O
                          618 | ;
                          619 | ;   PARAMETER PASSED IN (C)
                          620 | ;   IF (C)= 0FFH THEN DIRECT CONSOLE INPUT IS MADE
                          621 | ;       i.e. returns (A)=0 if console is not ready
                          622 | ;           else (A)=ASCII input character
                          623 | ;   IF (C)<>0FFH THEN (C) IS ASSUMED TO BE A VALID ASCII
                          624 | ;       CHARACTER, AND IT IS OUTPUT TO THE CONSOLE.
                          625 | ;
                          626 | ;   NOTE:
                          627 | ;       The lines marked ** don't make sense to me.
                          628 | ;       Why would an entrance parameter of 0FEH,
                          629 | ;       which is an invalid ASCII character cause a
                          630 | ;       console status request?
                          631 | ;
EED4: 79                  632 | COM06:  MOV A,C ;Check the entry parameter.
EED5: 3C                  633 |     INR A   ;
EED6: CA E0 EE            634 |     JZ  DIRINP  ;It was 0FFH, direct input.
EED9: 3C                  635 |     INR A   ;
EEDA: CA 06 FA            636 |     JZ  CONST   ;**(Why this call on (C)=0FEH?) BIOS CALL/CONSOLE STATUS
EEDD: C3 0C FA            637 |     JMP CONOUT  ;BIOS CALL/CONSOLE OUTPUT
                          638 | ;
EEE0: CD 06 FA            639 | DIRINP: CALL    CONST   ;BIOS CALL/CONSOLE STATUS
EEE3: B7                  640 |     ORA A   ;
EEE4: CA 91 F9            641 |     JZ  BDOS3   ;Key not pressed, exit emptyhanded.
EEE7: CD 09 FA            642 |     CALL    CONIN   ;Got one. BIOS CALL/CONSOLE INPUT
EEEA: C3 01 EF            643 |     JMP EXIT1   ;Go stuff it into (RETPAR) and exit.
                          644 | ;
                          645 | ;   BDOS COMMAND #7....GET THE I/O BYTE AND RETURN IT
                          646 | ;       TO A PROGRAM THAT IS NOT BRIGHT ENOUGH TO
                          647 | ;       KNOW THAT IT IS ALWAYS AT (0003H) AND COULD
                          648 | ;       HAVE GOTTEN IT WITH A SIMPLE LDA 0003H
                          649 | ;       INSTEAD OF GOING THROUGH BDOS.
                          650 | ;
EEED: 3A 03 00            651 | COM07:  LDA IOBYTE  ;GET I/O BYTE LOCATED AT 0003H
EEF0: C3 01 EF            652 |     JMP EXIT1   ;
                          653 | ;
                          654 | ;   BDOS COMMAND #8....SET I/O BYTE
                          655 | ;       SAME COMMENTS AS FOR COM07.
                          656 | ;
EEF3: 21 03 00            657 | COM08:  LXI H,IOBYTE    ;SET I/O BYTE LOCATED AT 0003H
EEF6: 71                  658 |     MOV M,C ;
EEF7: C9                  659 |     RET     ;
                          660 | ;
                          661 | ;   BDOS COMMAND #9....PRINT STRING TO THE CONSOLE


Assembly Listing                                                                                                Page: 13
------------------------------------------------------------------------------------------------------------------------

                          662 | ;       UNTIL A '$' IS FOUND.
                          663 | ;
                          664 | ;   COMMENT:
                          665 | ;       The use of '$', or for that matter any printable
                          666 | ;       character, is inconvenient. Business programs
                          667 | ;       cannot use this command if a dollar sign is to
                          668 | ;       be printed in the string. The proper way to
                          669 | ;       mark the end of a literal is with a null or
                          670 | ;       by setting MSB.
                          671 | ;
EEF8: EB                  672 | COM09:  XCHG        ;MOVE POINTER TO START OF STRING FROM
EEF9: 4D                  673 |     MOV C,L ;(DE) TO (HL), AND THEN TO (BC). WHY
EEFA: 44                  674 |     MOV B,H ;THE GRAND TOUR??
EEFB: C3 D3 ED            675 |     JMP PRNSTR  ;WHY JUMP BACK TO PRNSTR INSTEAD
                          676 |             ;OF HAVING THE CODE RIGHT HERE? ARE WE
                          677 |             ;TO BELIEVE THAT THIS WAS DONE IN THE
                          678 |             ;NAME OF STRUCTURED PROGRAMMING?
                          679 | ;
                          680 | ;   BDOS COMMAND #11....GET CONSOLE INPUT STATUS
                          681 | ;       RETURNS 00 IF NO KEY PRESSED, ELSE 01
                          682 | ;
                          683 | ;   NOTE:
                          684 | ;       This command is not quite compatible with
                          685 | ;       CP/M 1.4 or 2.0 because if a ' ' is pressed
                          686 | ;       the console then waits for another input,
                          687 | ;       and reboots if that input is ^C. If the
                          688 | ;       second input is not ^C, then Command 11
                          689 | ;       returns like nothing happened, but has
                          690 | ;       swallowed the ' '. This does strange things
                          691 | ;       with some older CPMUG programs like Tiny
                          692 | ;       Basic with polled Command 11 until a key
                          693 | ;       was pressed. If you try some of these
                          694 | ;       programs which ran fine under 1.4, but
                          695 | ;       do strange things under 2.2, this may be
                          696 | ;       the place to look.
                          697 | ;
EEFE: CD 23 ED            698 | COM11:  CALL    KBSTAT  ;GET CONSOLE STATUS
EF01: 32 45 EF            699 | EXIT1:  STA RETPAR  ; STORE THE RETURN PARAMETER
EF04: C9                  700 | DUMMY:  RET     ;(USED AS EXIT POINT FOR COM38 AND
                          701 |             ;COM39)
                          702 | ;
                          703 | ;   COMMAND EXIT POINT THAT SETS RETURN PARAMETER= 01H
                          704 | ;
EF05: 3E 01               705 | EXIT2:  MVI A,01H   ;
EF07: C3 01 EF            706 |     JMP EXIT1   ;
                          707 | ;
                          708 | ;   PARAMETER STORAGE AREA #1
                          709 | ;
EF0A: 00                  710 | CHCTR1: DB  0   ;CHARACTER COUNTER #1,
                          711 |             ;USED IN READ CONSOLE BUFFER
EF0B: 00                  712 | CHCTR2: DB  0   ;CHARACTER COUNTER #2,
                          713 |             ;USED IN READ CONSOLE BUFFER
EF0C: 00                  714 | CHRCTR: DB  0   ;OUTPUT LINE CHARACTER COUNTER,
                          715 |             ;USED TO KEEP COUNT FOR TAB CHARACTER.
EF0D: 00                  716 | LISTFL: DB  0   ;LIST DEVICE FLAG. WHEN <> 00,
                          717 |             ;OUTPUT GOES TO LIST DEVICE.


Assembly Listing                                                                                                Page: 14
------------------------------------------------------------------------------------------------------------------------

EF0E: 00                  718 | KYBDFL: DB  0   ;KEYBOARD STATUS FLAG. IF <> 0 THEN
                          719 |             ;CHARACTER IS AVAILABLE.
EF0F: 00 00               720 | PSTACK: DW  0000    ;CALLING PROGRAM STACK POINTER
EF11:                     721 |     DS  48  ;BDOS STACK AREA
                          722 | BSTACK:         ;BDOS' OWN STACK POINTER
EF41: 00                  723 | USERNO: DB  0   ;CURRENT USER NUMBER STORAGE
EF42: 00                  724 | CURDSK: DB  0   ;CURRENT DISK NUMBER STORAGE
EF43: 00 00               725 | ENTPAR: DW  0000    ;ENTRY PARAMETER
EF45: 00 00               726 | RETPAR: DW  0000    ;RETURN PARAMETER
                          727 | ;
                          728 | ;   ERROR HANDLING ROUTINES
                          729 | ;
                          730 | ;   NOTE:
                          731 | ;       Again we see that convoluted nature of this
                          732 | ;       program. Why don't the error calls from the
                          733 | ;       program just jump to the code just following
                          734 | ;       command table instead of this intermedeate 
                          735 | ;       step of picking up an inderect jump vector?
                          736 | ;
EF47: 21 0B EC            737 | SELERR: LXI H,ERR2  ;DISK SELECT ERROR
                          738 | ;
EF4A: 5E                  739 | ERROR:  MOV E,M ;Move (Vector) to (DE)
EF4B: 23                  740 |     INX H   ;
EF4C: 56                  741 |     MOV D,M ;
EF4D: EB                  742 |     XCHG        ;Swap it to (HL)
EF4E: E9                  743 |     PCHL        ; and do the indirect jump
                          744 | ;
                          745 | ;   BLOCK MOVE SUBROUTINE
                          746 | ;
                          747 | ;   ENTRY PARAMETERS:
                          748 | ;       (HL)    DESTINATION
                          749 | ;       (DE)    SOURCE
                          750 | ;       (C) BYTE COUNT
                          751 | ;
                          752 | ;   NOTE:
                          753 | ;       Z80 users may want to eliminate this and
                          754 | ;       use LDIR with a suitable swapping of the
                          755 | ;       HL and DE register pairs & using (BC)
                          756 | ;       of just (C) as the counter.
                          757 | ;
EF4F: 0C                  758 | BLKMOV: INR C   ;
EF50: 0D                  759 | BLMOV1: DCR C   ;
EF51: C8                  760 |     RZ      ;
EF52: 1A                  761 |     LDAX    D   ;
EF53: 77                  762 |     MOV M,A ;
EF54: 13                  763 |     INX D   ;
EF55: 23                  764 |     INX H   ;
EF56: C3 50 EF            765 |     JMP BLMOV1  ;
                          766 | ;
                          767 | ;   SET UP DISK PARAMETERS WHEN LOGGIN IN A NEW DISK
                          768 | ;
                          769 | ;   THE VARIOUS PARAMETERS FROM BIOS ARE MOVE TO
                          770 | ;   WHERE BDOS CAN USED THEM. THE LOCATION  OF THE
                          771 | ;   DISK SIZE, DIRECTORY TRACK ETC. ARE MOVED TO
                          772 | ;   A PARAMETER BLOCK AT THE END OF BDOS.
                          773 | ;


Assembly Listing                                                                                                Page: 15
------------------------------------------------------------------------------------------------------------------------

                          774 | ;   NOTE:
                          775 | ;       1.  If the program involves much action
                          776 | ;       between disk drives, considerable time
                          777 | ;       can be wasted in this swapping process.
                          778 | ;       This may be an area where improvemnts
                          779 | ;       can be made.
                          780 | ;
                          781 | ;       2.  If the disk is not a single sided,
                          782 | ;       double density 5 1/4" or a single density
                          783 | ;       8", and can thus hold more than 255K, then
                          784 | ;       the block numbers must be double precision
                          785 | ;       and will occupy 2 bytes. Consequently a
                          786 | ;       single directory extent can only hold 8
                          787 | ;       block numbers, and therefore 8K if 1K
                          788 | ;       blocks are used. In order to get enough
                          789 | ;       directory space either the number of
                          790 | ;       directory entries must be increased, or
                          791 | ;       the block size increased to 2K. For
                          792 | ;       more details on this read the Digital
                          793 | ;       Research documentation (and you will
                          794 | ;       get thoroughly confused).
                          795 | ;
EF59: 3A 42 EF            796 | SETDSK: LDA CURDSK  ;GET THE NUMBER OF THE DISK
EF5C: 4F                  797 |     MOV C,A ;
EF5D: CD 1B FA            798 |     CALL    SELDSK  ;BIOS CALL/SELECT DISK DRIVE
EF60: 7C                  799 |     MOV A,H ;IF SELDSK RETURNS (HL)= 0000H
EF61: B5                  800 |     ORA L   ;YOU ARE TRYING TO ACCESS A
EF62: C8                  801 |     RZ      ;NONEXISTENT DRIVE. ERROR RETURN.
                          802 | ;
                          803 | ;   LEGAL DRIVE- LET'S SET THINGS UP
                          804 | ;
                          805 | ;   SELDSK RETURNS WITH POINTER TO START OF DISK
                          806 | ;   PARAMETER BLOCK IN (HL). THE BLOCK CONTAINS
                          807 | ;   8 DATA WORDS:
                          808 | ;           DW  TRANS   ;START OF SECTOR TRANS  TABLE
                          809 | ;           DW  DWORD1  ;
                          810 | ;           DW  DWORD2  ;
                          811 | ;           DW  DWORD3  ;
                          812 | ;           DW  DIRBUF  ;DIRECTORY BUFFER LOCATION
                          813 | ;           DW  DPBLK   ;DISK PARAMETER BLOCK LOCATION
                          814 | ;           DW  CHKxx   ;CHECK VECTOR, DRIVE xx
                          815 | ;           DW  ALLxx   ;ALLOCATION BLOCK VECTOR, DRIVE xx
                          816 | ;
EF63: 5E                  817 |     MOV E,M ;
EF64: 23                  818 |     INX H   ;
EF65: 56                  819 |     MOV D,M ;(DE) <-- ((TRANS))
EF66: 23                  820 |     INX H   ;
EF67: 22 B3 F9            821 |     SHLD    DWORD1  ;
EF6A: 23                  822 |     INX H   ;
EF6B: 23                  823 |     INX H   ;
EF6C: 22 B5 F9            824 |     SHLD    DWORD2  ;
EF6F: 23                  825 |     INX H   ;
EF70: 23                  826 |     INX H   ;
EF71: 22 B7 F9            827 |     SHLD    DWORD3  ;
EF74: 23                  828 |     INX H   ;
EF75: 23                  829 |     INX H   ;


Assembly Listing                                                                                                Page: 16
------------------------------------------------------------------------------------------------------------------------

EF76: EB                  830 |     XCHG        ;
EF77: 22 D0 F9            831 |     SHLD    SECTBL  ;
                          832 | ;   
                          833 | ;   (DE) NOW POINTS TO DIRBUF IN PARAMETER TABLE.
                          834 | ;   THE FOLLOWING ARE NOW MOVED INTO BDOS PARAMETER AREA:
                          835 | ;
                          836 | ;   (DIRBUF)    POINTER TO DIRECTORY BUFFER
                          837 | ;   (DPBLK)     POINTER TO DISK PARAMETER BLOCK
                          838 | ;   (CHKxx)     POINTER TO DIRECTORY CHECKSUM BLOCK
                          839 | ;   (ALLxx)     POINTER TO ALLOCATION BLOCK MAP
                          840 | ;
EF7A: 21 B9 F9            841 |     LXI H,DIRBPT    ;DIRECTORY BUFFER POINTER
EF7D: 0E 08               842 |     MVI C,08H   ;
EF7F: CD 4F EF            843 |     CALL    BLKMOV  ;
                          844 | ;
                          845 | ;   THE DISK PARAMETER BLOCK IS NOW MOVED INTO
                          846 | ;   BDOS'S PARAMETER AREA. THIS BLOCK IS 15
                          847 | ;   BYTES LONG AND CONTAINS THE FOLLOWING:
                          848 | ;   (VALUES GIVEN ARE FOR 8" SINGLE DENSITY)
                          849 | ;
                          850 | ;       DW  26  ;SECTORS PER TRACK
                          851 | ;       DB  3   ;BLOCK SHIFT FACTOR
                          852 | ;       DB  7   ;BLOCK MASK
                          853 | ;       DB  0   ;NULL MASK
                          854 | ;       DW  242 ;DISK SIZE -1
                          855 | ;       DW  63  ;DIRECTORY ENTRIES -1
                          856 | ;       DB  192 ;ALLOC 0
                          857 | ;       DB  0   ;ALLOC 1
                          858 | ;       DB  2   ;DIRECTORY TRACK OFFSET
                          859 | ;
EF82: 2A BB F9            860 |     LHLD    DPBLK   ;
EF85: EB                  861 |     XCHG        ;
EF86: 21 C1 F9            862 |     LXI H,SECTRS ;SECTORS PER TRACK=
                          863 |             ;HEAD OF DP BLOCK
EF89: 0E 0F               864 |     MVI C,0FH   ;
EF8B: CD 4F EF            865 |     CALL    BLKMOV  ;
                          866 | ;
                          867 | ;   DETERMINE IF WE ARE ON A 5 1/4" OR SINGLE DENSITY
                          868 | ;   8" DISK WHICH HAS A CAPACITY OF LESS THAN 256 K
                          869 | ;   OR IF WE ARE ON A BIG DISK THAT REQUIRES A DOUBLE
                          870 | ;   PRECISION BLOCK NUMBER.
                          871 | ;
EF8E: 2A C6 F9            872 |     LHLD    DSKSIZ  ;DISK SIZE, # OF 1K BLOCKS -1
EF91: 7C                  873 |     MOV A,H ;
EF92: 21 DD F9            874 |     LXI H,BIGDSK    ;8" SD: 0FFH, LARGE CAP DISK: 00H
EF95: 36 FF               875 |     MVI M,0FFH  ;
EF97: B7                  876 |     ORA A   ;
EF98: CA 9D EF            877 |     JZ  SETDS1  ;
EF9B: 36 00               878 |     MVI M,00H   ;
EF9D: 3E FF               879 | SETDS1: MVI A,0FFH  ;
EF9F: B7                  880 |     ORA A   ;RESET ZFLAG TO MARK NON-ERROR RETURN
EFA0: C9                  881 |     RET     ;
                          882 | ;
                          883 | ;   HOME THE DRIVE HEAD AND ZERO OUT SOME PARAMETERS
                          884 | ;   IN PREPARATION FOR DIRECTORY OPERATIONS.
                          885 | ;


Assembly Listing                                                                                                Page: 17
------------------------------------------------------------------------------------------------------------------------

EFA1: CD 18 FA            886 | SETDIR: CALL    HOME    ;BIOS CALL/MOVE DISK HEAD TO TRACK 00
EFA4: AF                  887 |     XRA A   ;
EFA5: 2A B5 F9            888 |     LHLD    DWORD2  ;
EFA8: 77                  889 |     MOV M,A ;
EFA9: 23                  890 |     INX H   ;
EFAA: 77                  891 |     MOV M,A ;((DWORD2)) <-- 0000H
EFAB: 2A B7 F9            892 |     LHLD    DWORD3  ;
EFAE: 77                  893 |     MOV M,A ;
EFAF: 23                  894 |     INX H   ;
EFB0: 77                  895 |     MOV M,A ;((DWORD3)) <-- 0000H
EFB1: C9                  896 |     RET     ;
                          897 | ;
                          898 | ;   READ AND WRITE DISK SECTOR
                          899 | ;
                          900 | ;   ALL CALLS TO THESE ROUTINES IN BIOS ARE ROUTED
                          901 | ;   THROUGH THIS AREA. RETURN PARAMETER IS MONITORED
                          902 | ;   FOR POSSIBLE ERROR CONDITION.
                          903 | ;
                          904 | ;   TRACK AND SECTOR INFORMATION MUST HAVE BEEN PASSED
                          905 | ;   TO BIOS PRIOR TO INVOKING THESE CALLS.
                          906 | ;
EFB2: CD 27 FA            907 | RDSECT: CALL    READ    ;BIOS CALL/READ DISK SECTOR
EFB5: C3 BB EF            908 |     JMP WRSEC1  ;
                          909 | ;
EFB8: CD 2A FA            910 | WRSECT: CALL    WRITE   ;BIOS CALL/WRITE DISK SECTOR
EFBB: B7                  911 | WRSEC1: ORA A   ;
EFBC: C8                  912 |     RZ      ;
EFBD: 21 09 EC            913 |     LXI H,ERR1  ;
EFC0: C3 4A EF            914 |     JMP ERROR   ;
                          915 | ;
                          916 | ;   SET TRACK AND SECTOR
                          917 | ;
                          918 | ;   THIS SUBROUTINE CONVERTS THE LOGICAL BLOCK NUMBER
                          919 | ;   INFORMATION IN THE FILE CONTROL BLOCK AND SECTOR
                          920 | ;   COUNTERS AND POINTERS TO THE ACTUAL PHYSICAL
                          921 | ;   TRACK AND SECTOR INFORMATION TO BE PASSED TO
                          922 | ;   BIOS PRIOR TO A SECTOR READ OR WRITE.
                          923 | ;
EFC3: 2A EA F9            924 | TRKSEC: LHLD    BLCTR1  ;
EFC6: 0E 02               925 |     MVI C,02H   ;
EFC8: CD EA F0            926 |     CALL    SHRHLC  ;SHIFT (HL) RIGHT PER COUNT IN (C)
EFCB: 22 E5 F9            927 |     SHLD    SCNTR1  ;SECTOR COUNTER #1
EFCE: 22 EC F9            928 |     SHLD    BLCTR2  ;BLOCK COUNTER #2
                          929 | ;
                          930 | ;   SECONDARY ENTRY POINT
                          931 | ;
EFD1: 21 E5 F9            932 | TRSEC1: LXI H,SCNTR1    ;SECTOR COUNTER #1
EFD4: 4E                  933 |     MOV C,M ;
EFD5: 23                  934 |     INX H   ;
EFD6: 46                  935 |     MOV B,M ;(BC) <-- (SCNTR1)
EFD7: 2A B7 F9            936 |     LHLD    DWORD3  ;
EFDA: 5E                  937 |     MOV E,M ;
EFDB: 23                  938 |     INX H   ;
EFDC: 56                  939 |     MOV D,M ;(DE) <-- ((DWORD3))
EFDD: 2A B5 F9            940 |     LHLD    DWORD2  ;
EFE0: 7E                  941 |     MOV A,M ;


Assembly Listing                                                                                                Page: 18
------------------------------------------------------------------------------------------------------------------------

EFE1: 23                  942 |     INX H   ;
EFE2: 66                  943 |     MOV H,M ;
EFE3: 6F                  944 |     MOV L,A ;(HL) <-- ((DWORD2))
                          945 | ;
                          946 | ;   SUBTRACT THE NUMBER OF SECTORS/TRACK FROM SECTOR
                          947 | ;   NUMBER UNTIL (BC) >= (DE)
                          948 | ;   COUNT IN (HL) DECREMENTED
                          949 | ;
EFE4: 79                  950 | TRSEC2: MOV A,C ;
EFE5: 93                  951 |     SUB E   ;
EFE6: 78                  952 |     MOV A,B ;
EFE7: 9A                  953 |     SBB D   ;SET FLAG ON (BC) - (DE)
EFE8: D2 FA EF            954 |     JNC TRSEC3  ;(BC)>=(DE)
EFEB: E5                  955 |     PUSH    H   ;SAVE COUNT
EFEC: 2A C1 F9            956 |     LHLD    SECTRS  ;(HL) <-- SECTORS PER TRACK
EFEF: 7B                  957 |     MOV A,E ;
EFF0: 95                  958 |     SUB L   ;
EFF1: 5F                  959 |     MOV E,A ;
EFF2: 7A                  960 |     MOV A,D ;
EFF3: 9C                  961 |     SBB H   ;
EFF4: 57                  962 |     MOV D,A ;(DE) <-- (DE) - (SECTRS)
EFF5: E1                  963 |     POP H   ;GET BACK THE COUNT
EFF6: 2B                  964 |     DCX H   ;  AND DECREMENT IT
EFF7: C3 E4 EF            965 |     JMP TRSEC2  ;     LOOP
                          966 | ;
                          967 | ;   ADD NUMBER OF SECTORS/TRACK TO (DE) UNTIL (HL) > (BC)
                          968 | ;   OR (DE) + (SECTRS) OVERFLOWS.
                          969 | ;   COUNT IN (HL) INCREMENTED
                          970 | ;
EFFA: E5                  971 | TRSEC3: PUSH    H   ;
EFFB: 2A C1 F9            972 |     LHLD    SECTRS  ;SECTORS PER TRACK
EFFE: 19                  973 |     DAD D   ;
EFFF: DA 0F F0            974 |     JC  TRSEC4  ;
F002: 79                  975 |     MOV A,C ;
F003: 95                  976 |     SUB L   ;
F004: 78                  977 |     MOV A,B ;
F005: 9C                  978 |     SBB H   ;(BC) - (HL)
F006: DA 0F F0            979 |     JC  TRSEC4  ;
F009: EB                  980 |     XCHG        ;
F00A: E1                  981 |     POP H   ;
F00B: 23                  982 |     INX H   ;BUMP COUNTER
F00C: C3 FA EF            983 |     JMP TRSEC3  ;  LOOP
                          984 | ;
F00F: E1                  985 | TRSEC4: POP H   ;
F010: C5                  986 |     PUSH    B   ;
F011: D5                  987 |     PUSH    D   ;
F012: E5                  988 |     PUSH    H   ;
F013: EB                  989 |     XCHG        ;
F014: 2A CE F9            990 |     LHLD    DIRTRK  ;DIRECTORY TRACK NUMBER
F017: 19                  991 |     DAD D   ;
F018: 44                  992 |     MOV B,H ;
F019: 4D                  993 |     MOV C,L ;(BC) <-- PHYSICAL TRACK NUMBER
F01A: CD 1E FA            994 |     CALL    SETTRK  ;BIOS CALL/SET DISK TRACK
F01D: D1                  995 |     POP D   ;
F01E: 2A B5 F9            996 |     LHLD    DWORD2  ;
F021: 73                  997 |     MOV M,E ;


Assembly Listing                                                                                                Page: 19
------------------------------------------------------------------------------------------------------------------------

F022: 23                  998 |     INX H   ;
F023: 72                  999 |     MOV M,D ;((DWORD2)) <-- (DE)
F024: D1                 1000 |     POP D   ;
F025: 2A B7 F9           1001 |     LHLD    DWORD3  ;
F028: 73                 1002 |     MOV M,E ;
F029: 23                 1003 |     INX H   ;
F02A: 72                 1004 |     MOV M,D ;((DWORD3)) <-- (DE)
F02B: C1                 1005 |     POP B   ;
F02C: 79                 1006 |     MOV A,C ;
F02D: 93                 1007 |     SUB E   ;
F02E: 4F                 1008 |     MOV C,A ;
F02F: 78                 1009 |     MOV A,B ;
F030: 9A                 1010 |     SBB D   ;
F031: 47                 1011 |     MOV B,A ;(BC) <-- LOGICAL SECTOR NUMBER
F032: 2A D0 F9           1012 |     LHLD    SECTBL  ;
F035: EB                 1013 |     XCHG        ;(DE) <-- SECTOR TRANSLATE TABLE ADDR
F036: CD 30 FA           1014 |     CALL    SECTRN  ;BIOS CALL/SECTOR TRANSLATE
F039: 4D                 1015 |     MOV C,L ;
F03A: 44                 1016 |     MOV B,H ;(BC) <-- PHYSICAL SECTOR NUMBER
F03B: C3 21 FA           1017 |     JMP SETSEC  ;BIOS CALL/SET DISK SECTOR
                         1018 | ;
                         1019 | ;   POINT TO FILE CONTROL BLOCK NUMBER
                         1020 | ;
                         1021 | ;   RETURN WITH ABSOLUTE DIRECTORY BLOCK NUMBER IN (A)
                         1022 | ;   FILE EXTENT 00= 00H THROUGH 0FH
                         1023 | ;   FILE EXTENT 01= 10H THROUGH 1FH, ETC. TO
                         1024 | ;   FILE EXTENT 15= F0H THROUGH FFH.
                         1025 | ;
F03E: 21 C3 F9           1026 | BLPNTR: LXI H,BLSHFT    ;(C) <-- BLOCK SHIFT FACTOR
F041: 4E                 1027 |     MOV C,M ;
F042: 3A E3 F9           1028 |     LDA CURREC  ;CURRENT RECORD:: FCB + 32
                         1029 | ;
                         1030 | ;   DIVIDE (CURREC) BY 2^(BLSFT)...(USUALLY 8)
                         1031 | ;
F045: B7                 1032 | BLPNT1: ORA A   ;CLEAR CARRY FLAG
F046: 1F                 1033 |     RAR     ;
F047: 0D                 1034 |     DCR C   ;
F048: C2 45 F0           1035 |     JNZ BLPNT1  ;
                         1036 | ;
F04B: 47                 1037 |     MOV B,A ;
F04C: 3E 08              1038 |     MVI A,08H   ;
F04E: 96                 1039 |     SUB M   ;SUBTRACT BLOCK SHIFT FACTOR FROM 8
F04F: 4F                 1040 |     MOV C,A ;AND SET AS COUNTER IN (C)
F050: 3A E2 F9           1041 |     LDA EXTCTR  ;GET THE FILE EXTENT COUNTER: FCB + 12
F053: 0D                 1042 | BLPNT2: DCR C   ;  AND MULTIPLY IT BY 2^(C)
F054: CA 5C F0           1043 |     JZ  BLPNT3  ;   (THIS IS 32 FOR 8" SD)
F057: B7                 1044 |     ORA A   ;
F058: 17                 1045 |     RAL     ;
F059: C3 53 F0           1046 |     JMP BLPNT2  ;
                         1047 | ;
F05C: 80                 1048 | BLPNT3: ADD B   ;COMBINE W/ LOCAL POINTER
F05D: C9                 1049 |     RET     ;
                         1050 | ;
                         1051 | ;   GET BLOCK NUMBER
                         1052 | ;
                         1053 | ;   ON ENTRY (BC) CONTAINS BLOCK NUMBER OFFSET


Assembly Listing                                                                                                Page: 20
------------------------------------------------------------------------------------------------------------------------

                         1054 | ;   ON RETURN (HL) CONTAINS LOGICAL BLOCK NUMBER
                         1055 | ;
                         1056 | ;   CHECK IS MADE TO SEE IF SINGLE OR DOUBLE
                         1057 | ;   PRECISION LOGICAL BLOCK NUMBER IS CALLED FOR
                         1058 | ;
F05E: 2A 43 EF           1059 | GETBLN: LHLD    ENTPAR  ;POINT TO START OF FILE CONTROL BLOCK
F061: 11 10 00           1060 |     LXI D,16    ;
F064: 19                 1061 |     DAD D   ;MOVE POINTER TO FIRST BLOCK NUMBER
F065: 09                 1062 |     DAD B   ;  THEN TO THE DESIRED BLOCK NUMBER
F066: 3A DD F9           1063 |     LDA BIGDSK  ;8" SD: 0FFH, LARGE CAP DISK: 00H
F069: B7                 1064 |     ORA A   ;
F06A: CA 71 F0           1065 |     JZ  GETBL1  ;BIG DISK, SO HIT IT AGAIN
                         1066 | ;
F06D: 6E                 1067 |     MOV L,M ;CHEAPSKATE W/ SINGLE DENSITY
F06E: 26 00              1068 |     MVI H,00H   ;SINGLE PREC. BLOCK NUMBER
F070: C9                 1069 |     RET     ;
                         1070 | ;
F071: 09                 1071 | GETBL1: DAD B   ;DOUBLE PREC. BLOCK NUMBER
F072: 5E                 1072 |     MOV E,M ; BRING BACK BOTH BYTES IN (HL)
F073: 23                 1073 |     INX H   ;
F074: 56                 1074 |     MOV D,M ;
F075: EB                 1075 |     XCHG        ;
F076: C9                 1076 |     RET     ;
                         1077 | ;
                         1078 | ;   SET SECTOR COUNTER #1
                         1079 | ;
                         1080 | ;   PUT THE LOGICAL BLOCK NUMBER OF THE CURRENT
                         1081 | ;   1K BLOCK INTO SECTOR COUNTER #1
                         1082 | ;
F077: CD 3E F0           1083 | SETSC1: CALL    BLPNTR  ;
F07A: 4F                 1084 |     MOV C,A ;
F07B: 06 00              1085 |     MVI B,00H   ;
F07D: CD 5E F0           1086 |     CALL    GETBLN  ;GET BLOCK NUMBER IN (HL)
F080: 22 E5 F9           1087 |     SHLD    SCNTR1  ;SECTOR COUNTER #1
F083: C9                 1088 |     RET     ;
                         1089 | ;
                         1090 | ;   CHECK TO SEE IF (SECTOR COUNTER #1)= 0000H
                         1091 | ;
F084: 2A E5 F9           1092 | CHKSC1: LHLD    SCNTR1  ;SECTOR COUNTER #1
F087: 7D                 1093 |     MOV A,L ;
F088: B4                 1094 |     ORA H   ;
F089: C9                 1095 |     RET     ;
                         1096 | ;
                         1097 | ;   COMPUTE LOGICAL SECTOR NUMBER
                         1098 | ;
                         1099 | ;   ON ENTRY:-(SECTOR COUNTER #1) CONTAINS BLOCK
                         1100 | ;       NUMBER OF CURRENT BLOCK AND (FILE RECORD
                         1101 | ;       COUNTER) THE SECTOR NUMBER WITHIN THE
                         1102 | ;       CURRENT FILE EXTENT.
                         1103 | ;   ON EXIT:-(SECTOR COUNTER #1) CONTAINS TO ABSOLUTE
                         1104 | ;       SECTOR NUMBER OF THE CURRENT SECTOR OF THE
                         1105 | ;       CURRENT DISK
                         1106 | ;       -(SECTOR COUNTER #2) CONTAINS THE ABSOLUTE
                         1107 | ;       SECTOR NUMBER OF THE START OF THE CURRENT
                         1108 | ;       LOGICAL BLOCK
                         1109 | ;       -(RECORD COUNTER) IS UNCHANGED


Assembly Listing                                                                                                Page: 21
------------------------------------------------------------------------------------------------------------------------

                         1110 | ;
F08A: 3A C3 F9           1111 | COMSEC: LDA BLSHFT  ;GET BLOCK SHIFT FACTOR
F08D: 2A E5 F9           1112 |     LHLD    SCNTR1  ;SECTOR COUNTER #1
F090: 29                 1113 | CONSE1: DAD H   ;MULTIPLY BY 2^(BLSHFT)...USUALLY 8
F091: 3D                 1114 |     DCR A   ;
F092: C2 90 F0           1115 |     JNZ CONSE1  ;
                         1116 | ;
F095: 22 E7 F9           1117 |     SHLD    SCNTR2  ;STORE RESULT IN SECTOR COUNTER #2
F098: 3A C4 F9           1118 |     LDA BLMASK  ;(C) <-- DISK BLOCK MASK
F09B: 4F                 1119 |     MOV C,A ;
F09C: 3A E3 F9           1120 |     LDA CURREC  ;CURRENT RECORD:: FCB + 32
F09F: A1                 1121 |     ANA C   ;GET SECTOR NUMBER WITHIN BLOCK
F0A0: B5                 1122 |     ORA L   ;ADD TO BLOCK STARTING SECTOR NUMBER
F0A1: 6F                 1123 |     MOV L,A ;
F0A2: 22 E5 F9           1124 |     SHLD    SCNTR1  ;STORE IN SECTOR COUNTER #1
F0A5: C9                 1125 |     RET     ;
                         1126 | ;
                         1127 | ;   POINT TO FILE CONTROL BLOCK BYTE 12
                         1128 | ;
                         1129 | ;   BYTE 12 IS THE FILE EXTENT BYTE
                         1130 | ;
                         1131 | ;   ENTRY PARAMETERS:   NONE
                         1132 | ;   RETURN PARAMETER:   ADDRESS OF FCB +12 IN (HL)
                         1133 | ;
F0A6: 2A 43 EF           1134 | FCB12:  LHLD    ENTPAR  ;LOAD THE POINTER TO START OF FCB
F0A9: 11 0C 00           1135 |     LXI D,12    ; AND ADD 12 TO IT.
F0AC: 19                 1136 |     DAD D   ;
F0AD: C9                 1137 |     RET     ;
                         1138 | ;
                         1139 | ;   SET POINTERS TO FCB+15 AND FCB+32
                         1140 | ;
                         1141 | ;   ENTRY PARAMETERS:   NONE
                         1142 | ;   EXIT PARAMETERS:    POINTER TO FCB+15 IN (DE)
                         1143 | ;               POINTER TO FCB+32 IN (HL)
                         1144 | ;
                         1145 | ;   FCB +15 IS THE RECORD COUNT OF THE CURRENT FILE EXTENT
                         1146 | ;   FCB +32 IS THE CURRENT RECORD TO BE READ/WRITTEN IN
                         1147 | ;       SEQUENTIAL R/W OPERATIONS
                         1148 | ;
F0AE: 2A 43 EF           1149 | FC1532: LHLD    ENTPAR  ;GET THE POINTER TO START OF FCB
F0B1: 11 0F 00           1150 |     LXI D,15    ;
F0B4: 19                 1151 |     DAD D   ;ADD 15 TO POINT TO RECORD COUNT
F0B5: EB                 1152 |     XCHG        ;MOVE IT TO (DE)
F0B6: 21 11 00           1153 |     LXI H,17    ;ADD ANOTHER 17 TO MAKE
F0B9: 19                 1154 |     DAD D   ;(HL) POINT TO FCB + 32
F0BA: C9                 1155 |     RET     ;
                         1156 | ;
                         1157 | ;   UPDATE THE CURRENT DISK INFORMATION
                         1158 | ;   BY MOVING THE CONTENTS OF FCB+15 AND FCB+32
                         1159 | ;   INTO (RECCTR) AND (CURREC) RESPECTIVELY
                         1160 | ;
F0BB: CD AE F0           1161 | UPDATE: CALL    FC1532  ;(DE) <-- FCB+15, (HL) <-- FCB+32
F0BE: 7E                 1162 |     MOV A,M ;GET CURRENT VALUE OF FCB+32
F0BF: 32 E3 F9           1163 |     STA CURREC  ;AND STORE IN CURRENT RECORD NUMBER
F0C2: EB                 1164 |     XCHG        ;SWAP POINTERS
F0C3: 7E                 1165 |     MOV A,M ;GET CURRENT VALUE OF FCB+15


Assembly Listing                                                                                                Page: 22
------------------------------------------------------------------------------------------------------------------------

F0C4: 32 E1 F9           1166 |     STA RECCTR  ;AND STORE IN FILE RECORD COUNTER
F0C7: CD A6 F0           1167 |     CALL    FCB12   ; (HL) <-- FCB + 12 , EXT BYTE PTR
F0CA: 3A C5 F9           1168 |     LDA NLMASK  ;NULL BLOCK  MASK
F0CD: A6                 1169 |     ANA M   ;
F0CE: 32 E2 F9           1170 |     STA EXTCTR  ;FILE EXTENT COUNTER: FCB + 12
F0D1: C9                 1171 |     RET     ;
                         1172 | ;
                         1173 | ;   LOAD AND INCREMENT THE VALUE OF THE CURRENT RECORD
                         1174 | ;   NUMBER BY 2 IF THE SEQUENTIAL/RANDOM READ/WRITE 
                         1175 | ;   FLAG=2, OR LEAVE UNCHANGED IF=0. MOVE THE VALUE TO
                         1176 | ;   (RECCTR) AND (CURREC)
                         1177 | ;
F0D2: CD AE F0           1178 | RWEXIT: CALL    FC1532  ;(DE) <-- FCB+15, (HL) <-- FCB+32
F0D5: 3A D5 F9           1179 |     LDA SERNFL  ;SEQUENTIAL/RANDOM I/O FLAG
F0D8: FE 02              1180 |     CPI 02H ;
F0DA: C2 DE F0           1181 |     JNZ RWEXT1  ;
F0DD: AF                 1182 |     XRA A   ;
F0DE: 4F                 1183 | RWEXT1: MOV C,A ;
F0DF: 3A E3 F9           1184 |     LDA CURREC  ;CURRENT RECORD:: FCB + 32
F0E2: 81                 1185 |     ADD C   ;
F0E3: 77                 1186 |     MOV M,A ;
F0E4: EB                 1187 |     XCHG        ;
F0E5: 3A E1 F9           1188 |     LDA RECCTR  ;FILE RECORD COUNTER:: FCB + 15
F0E8: 77                 1189 |     MOV M,A ;
F0E9: C9                 1190 |     RET     ;
                         1191 | ;
                         1192 | ;   SHIFT THE CONTENTS OF (HL) RIGHT
                         1193 | ;   PER THE COUNT IN (C)
                         1194 | ;
                         1195 | ;   ENTRY PARAMETERS:   ......... IN (HL)
                         1196 | ;               COUNT IN (C)
                         1197 | ;   EXIT PARAMETER:     SHIFTED VALUE OF (HL) IN (HL)
                         1198 | ;
F0EA: 0C                 1199 | SHRHLC: INR C   ;
F0EB: 0D                 1200 | SHRHL1: DCR C   ;CHECK THE COUNT
F0EC: C8                 1201 |     RZ      ;EXIT ON ZERO
F0ED: 7C                 1202 |     MOV A,H ;
F0EE: B7                 1203 |     ORA A   ;CLEAR CARRY BIT
F0EF: 1F                 1204 |     RAR     ;SHIFT (H) TO THE RIGHT
F0F0: 67                 1205 |     MOV H,A ;
F0F1: 7D                 1206 |     MOV A,L ;
F0F2: 1F                 1207 |     RAR     ;SHIFT (L) TO THE RIGHT
F0F3: 6F                 1208 |     MOV L,A ;
F0F4: C3 EB F0           1209 |     JMP SHRHL1  ;LOOP
                         1210 | ;
                         1211 | ;   CALCULATE CHECKSUM OF 128 BYTE DIRECTORY SECTOR
                         1212 | ;   AT ((DIRBPT))
                         1213 | ;
                         1214 | ;   ENTRY PARAMETER:    POINTER TO START OF DIRECTORY
                         1215 | ;               SECTOR IN (DIRBPT)
                         1216 | ;   EXIT PARAMETER:     VALUE OF CHECKSUM IN (A)
                         1217 | ;
F0F7: 0E 80              1218 | CHKSUM: MVI C,SECLEN    ;COUNT= 128 BYTE SECTOR LENGTH
F0F9: 2A B9 F9           1219 |     LHLD    DIRBPT  ;GET DIRECTORY BUFFER POINTER
F0FC: AF                 1220 |     XRA A   ;CLEAR CHECKSUM REGISTER
F0FD: 86                 1221 | CHKSM1: ADD M   ;ADD TO TOTAL IN (A)


Assembly Listing                                                                                                Page: 23
------------------------------------------------------------------------------------------------------------------------

F0FE: 23                 1222 |     INX H   ;STEP THE POINTER
F0FF: 0D                 1223 |     DCR C   ;DECREMENT THE COUNT
F100: C2 FD F0           1224 |     JNZ CHKSM1  ;LOOP UNTIL COUNT=0
F103: C9                 1225 |     RET     ;RETURN WITH CRC IN (A)
                         1226 | ;
                         1227 | ;   SHIFT (HL) LEFT PER COUNT IN (C)
                         1228 | ;
                         1229 | ;   ENTRY PARAMETERS:   ...... IN (HL)
                         1230 | ;               COUNT IN (C)
                         1231 | ;   EXIT PARAMETER:     SHIFTED VALUE OF (HL) IN (HL)
                         1232 | ;
F104: 0C                 1233 | SHLHLC: INR C   ;
F105: 0D                 1234 | SHLHL1: DCR C   ;
F106: C8                 1235 |     RZ      ;
F107: 29                 1236 |     DAD H   ;
F108: C3 05 F1           1237 |     JMP SHLHL1  ;
                         1238 | ;
                         1239 | ;   SET CURRENT DISK'S READ ONLY STATUS OR LOGGED IN STATUS
                         1240 | ;
                         1241 | ;   ENTRY PARAMETER:    (LOGVEC) or (ROWORD) IN (BC)
                         1242 | ;               CURRENT DISK NUMBER = (CURDSK)
                         1243 | ;   EXIT PARAMETER:     UPDATED VERSION OF (BC) IN (HL).
                         1244 | ;
                         1245 | ;   NOTE:
                         1246 | ;       (LOGVEC) AND (ROWORD) ARE 16 BIT WORDS
                         1247 | ;       EACH BIT REPRESENTS THE LOG IN AND READ ONLY
                         1248 | ;       STATUS OF THE DRIVE REPRESENTED BY THE BIT.
                         1249 | ;       LSB CORRESPONDS TO DRIVE 'A'.
                         1250 | ;       MSB CORRESPONDS TO DRIVE 'P'.
                         1251 | ;
F10B: C5                 1252 | SETVEC: PUSH    B   ;SAVE ENTRY PARAMETER
F10C: 3A 42 EF           1253 |     LDA CURDSK  ;
F10F: 4F                 1254 |     MOV C,A ;PUT DISK NUMBER AS COUNTER IN (C)
F110: 21 01 00           1255 |     LXI H,0001  ;SET-BIT IN (HL)
F113: CD 04 F1           1256 |     CALL    SHLHLC  ;SHIFT (HL) LEFT PER COUNT IN (C)
F116: C1                 1257 |     POP B   ;RESTORE PARAMETER
F117: 79                 1258 |     MOV A,C ;COMBINE SHIFTED SET-BIT WITH
F118: B5                 1259 |     ORA L   ;  PREVIOUS CONTENTS OF
F119: 6F                 1260 |     MOV L,A ;   (BC) INTO (HL)
F11A: 78                 1261 |     MOV A,B ;
F11B: B4                 1262 |     ORA H   ;
F11C: 67                 1263 |     MOV H,A ;
F11D: C9                 1264 |     RET     ;RETURN W/ UPDATED VALUE IN (HL)
                         1265 | ;
                         1266 | ;   GET CURRENT READ ONLY STATUS OF DISK
                         1267 | ;
                         1268 | ;   ENTRY PARAMETERS:   NONE
                         1269 | ;   EXIT PARAMETER:     LSB OF (A) SET IF DISK IS
                         1270 | ;               WRITE PROTECTED.
                         1271 | ;
F11E: 2A AD F9           1272 | GETRO:  LHLD    ROWORD  ;GET R/O STATUS WORD
F121: 3A 42 EF           1273 |     LDA CURDSK  ;GET DISK NUMBER AS COUNTER IN (C)
F124: 4F                 1274 |     MOV C,A ;
F125: CD EA F0           1275 |     CALL    SHRHLC  ;SHIFT (HL) RIGHT PER COUNT IN (C)
F128: 7D                 1276 |     MOV A,L ;MOVE CURRENT DISK STATUS TO (A)
F129: E6 01              1277 |     ANI 01H ;MASK OFF EXTRANEOUS INFORMATION


Assembly Listing                                                                                                Page: 24
------------------------------------------------------------------------------------------------------------------------

F12B: C9                 1278 |     RET     ;
                         1279 | ;
                         1280 | ;   BDOS COMMAND #28....SET CURRENT DISK TO READ ONLY
                         1281 | ;
                         1282 | ;   CONTENTS OF (ROWORD) UPDATED TO INCLUDE
                         1283 | ;   CURRENT DISK.
                         1284 | ;
F12C: 21 AD F9           1285 | COM28:  LXI H,ROWORD    ;MOVE (ROWORD) TO (BC)
F12F: 4E                 1286 |     MOV C,M ;
F130: 23                 1287 |     INX H   ;
F131: 46                 1288 |     MOV B,M ;
F132: CD 0B F1           1289 |     CALL    SETVEC  ;SET CURRENT DISK TO READ ONLY
F135: 22 AD F9           1290 |     SHLD    ROWORD  ;STORE UPDATED INFO IN (ROWORD)
F138: 2A C8 F9           1291 |     LHLD    DIRMAX  ;MAX NUMBER OF ENTRIES IN DIRECTORY
F13B: 23                 1292 |     INX H   ;
F13C: EB                 1293 |     XCHG        ;
F13D: 2A B3 F9           1294 |     LHLD    DWORD1  ;
F140: 73                 1295 |     MOV M,E ;
F141: 23                 1296 |     INX H   ;
F142: 72                 1297 |     MOV M,D ;((DWORD1)) <-- (DIRMAX) + 1
F143: C9                 1298 |     RET     ;
                         1299 | ;
                         1300 | ;   CHECK THE READ ONLY STATUS OF A FILE DIRECTORY
                         1301 | ;   ENTRY POINTED TO BY (DIRBPT) + (DIROFF)
                         1302 | ;
                         1303 | ;   R/O STATUS IS MARKED BY MSB OF FIRST BYTE OF
                         1304 | ;   FILE TYPE BEING SET. (FCB + 9)
                         1305 | ;
                         1306 | ;   IF THE FILE IS WRITE PROTECTED, AN ERROR MESSAGE
                         1307 | ;   WILL BE SENT TO THE CONSOLE AND THE CHOICE OF
                         1308 | ;   REBOOTING OR LIVING WITH THE R/O FILE GIVEN
                         1309 | ;
F144: CD 5E F1           1310 | CHKRO:  CALL    DIRPTR  ;(HL) <-- (DIRBPT) + (DIROFF)
F147: 11 09 00           1311 | CHKRO1: LXI D,09    ;
F14A: 19                 1312 |     DAD D   ;POINT TO FIRST BYTE OF FILETYPE
F14B: 7E                 1313 |     MOV A,M ;MOVE INTO (A)
F14C: 17                 1314 |     RAL     ;SHIFT MSB INTO CARRY
F14D: D0                 1315 |     RNC     ;OK- FILE NOT WRITE PROTECTED
F14E: 21 0F EC           1316 |     LXI H,ERR4  ;ERROR CONDITION.......
F151: C3 4A EF           1317 |     JMP ERROR   ;.....WRITE PROTECTED FILE
                         1318 | ;
                         1319 | ;   INTEROGATE READ ONLY STATUS OF CURRENT DISK
                         1320 | ;
                         1321 | ;   SAME GENRAL RULES AS PREVIOUS SUBROUTINE,
                         1322 | ;   EXEPT THAT IS FOR R/O DISK
                         1323 | ;
F154: CD 1E F1           1324 | INTRRO: CALL    GETRO   ;GET READ ONLY STATUS OF CURRENT DISK
F157: C8                 1325 |     RZ      ;OK- THE DISK IS NOT WRITE PROTECTED
F158: 21 0D EC           1326 |     LXI H,ERR3  ;ERROR CONDITION..........
F15B: C3 4A EF           1327 |     JMP ERROR   ;..........WRITE PROTECTED DISK
                         1328 | ;
                         1329 | ;   SET DIRECTORY POINTER TO START OF CURRENT
                         1330 | ;   DIRECTORY  ENTRY.
                         1331 | ;
F15E: 2A B9 F9           1332 | DIRPTR: LHLD    DIRBPT  ;GET THE DIRECTORY BUFFER POINTER
F161: 3A E9 F9           1333 |     LDA DIROFF  ;AND THE DIRECTORY OFFSET


Assembly Listing                                                                                                Page: 25
------------------------------------------------------------------------------------------------------------------------

                         1334 | ;
F164: 85                 1335 | ADA2HL: ADD L   ; ADD CONTENTS OF (A) TO (HL)
F165: 6F                 1336 |     MOV L,A ;  AND RETURN WITH THE RESULT
F166: D0                 1337 |     RNC     ;   IN (HL)
F167: 24                 1338 |     INR H   ;
F168: C9                 1339 |     RET     ;
                         1340 | ;
                         1341 | ;   GET THE CONTENTS OF S2 BYTE
                         1342 | ;
                         1343 | ;   ENTRY PARAMETER:    START OF FCB IN (ENTPAR)
                         1344 | ;   EXIT PARAMETERS:    POINTER TO FCB+14 IN (HL)
                         1345 | ;               CONTENTS OF (FCB+14) IN (A)
                         1346 | ;
F169: 2A 43 EF           1347 | FCB14:  LHLD    ENTPAR  ;POINT TO START OF FCB
F16C: 11 0E 00           1348 |     LXI D,14    ;
F16F: 19                 1349 |     DAD D   ;POINT TO FCB+14
F170: 7E                 1350 |     MOV A,M ;GET THE VALUE OF FCB+14
F171: C9                 1351 |     RET     ;
                         1352 | ;
                         1353 | ;   ZERO OUT THE VALUE OF FCB BYTE S2.(FCB + 14)
                         1354 | ;
F172: CD 69 F1           1355 | ZRFCTR: CALL    FCB14   ;(HL) <-- FCB + 14, (A) <-- (FCB + 14)
F175: 36 00              1356 |     MVI M,00H   ;PUT A ZERO IN IT
F177: C9                 1357 |     RET     ;
                         1358 | ;
                         1359 | ;   SET THE MSB OF FCB BYTE S2.(FCB + 14)
                         1360 | ;
F178: CD 69 F1           1361 | SET14:  CALL    FCB14   ;(HL) <-- FCB + 14, (A) <-- (FCB + 14)
F17B: F6 80              1362 |     ORI 80H ;SET THE HIGH BIT
F17D: 77                 1363 |     MOV M,A ;MOV IT BACK INTO MEMORY
F17E: C9                 1364 |     RET     ;
                         1365 | ;
                         1366 | ;   COMPARE ((DWORD1)) TO (BLCTR1)
                         1367 | ;
                         1368 | ;   FLAGS SET ONLY, NUMERICAL RESULT NOT STORED
                         1369 | ;       ZFLAG SET IF THEY ARE EQUAL
                         1370 | ;       CFLAG SET IF ((DWORD1)) > (BLCTR1)
                         1371 | ;
F17F: 2A EA F9           1372 | FLB1D1: LHLD    BLCTR1  ;BLOCK COUNTER #1
F182: EB                 1373 |     XCHG        ;
F183: 2A B3 F9           1374 |     LHLD    DWORD1  ;
F186: 7B                 1375 |     MOV A,E ;(BLCTR1)-((DWORD1))
F187: 96                 1376 |     SUB M   ;
F188: 23                 1377 |     INX H   ;
F189: 7A                 1378 |     MOV A,D ;
F18A: 9E                 1379 |     SBB M   ;
F18B: C9                 1380 |     RET     ;
                         1381 | ;
                         1382 | ;   IF ((DWORD1)) > (BLCTR1) THEN RETURN UNCHANGED
                         1383 | ;       ELSE ((DWORD1)) <-- (BLCTR1) + 1
                         1384 | ;
F18C: CD 7F F1           1385 | SWB1D1: CALL    FLB1D1  ;
F18F: D8                 1386 |     RC      ;
F190: 13                 1387 |     INX D   ;
F191: 72                 1388 |     MOV M,D ;
F192: 2B                 1389 |     DCX H   ;


Assembly Listing                                                                                                Page: 26
------------------------------------------------------------------------------------------------------------------------

F193: 73                 1390 |     MOV M,E ;
F194: C9                 1391 |     RET     ;
                         1392 | ;
                         1393 | ;   SUBTRACT (HL) FROM (DE)
                         1394 | ;       RESULT RETURNED IN (HL)
                         1395 | ;
F195: 7B                 1396 | DEMIHL: MOV A,E ;(HL) <-- (DE) - (HL)
F196: 95                 1397 |     SUB L   ;
F197: 6F                 1398 |     MOV L,A ;
F198: 7A                 1399 |     MOV A,D ;
F199: 9C                 1400 |     SBB H   ;
F19A: 67                 1401 |     MOV H,A ;
F19B: C9                 1402 |     RET     ;
                         1403 | ;
                         1404 | ;   CHECK THE DIRECTORY CHECKSUM STORED IN
                         1405 | ;   CURRENT DISK PARAMETER AREA WITH
                         1406 | ;   CHECKSUM COMPUTED FROM DIRECTORY OF
                         1407 | ;   DISK MOUNTED IN CURRENT DRIVE
                         1408 | ;
                         1409 | ;   IF CHECKSUMS DON'T MATCH, THE DISK IS
                         1410 | ;   SET TO READ ONLY STATUS
                         1411 | ;
F19C: 0E FF              1412 | CHKCRC: MVI C,0FFH  ;
F19E: 2A EC F9           1413 | CHKCR1: LHLD    BLCTR2  ;BLOCK COUNTER #2
F1A1: EB                 1414 |     XCHG        ;
F1A2: 2A CC F9           1415 |     LHLD    CHKSIZ  ;NUMBER OF DIRECTORY ENTRIES TO BE CHECKED
F1A5: CD 95 F1           1416 |     CALL    DEMIHL  ;(HL) <-- (DE) - (HL)
F1A8: D0                 1417 |     RNC     ;
F1A9: C5                 1418 |     PUSH    B   ;
F1AA: CD F7 F0           1419 |     CALL    CHKSUM  ;CRC OF 128 BYTES POINTED TO BY (DIRBPT)
F1AD: 2A BD F9           1420 |     LHLD    DIRCRC  ;DIRECTORY BUFFER POINTER
F1B0: EB                 1421 |     XCHG        ;
F1B1: 2A EC F9           1422 |     LHLD    BLCTR2  ;BLOCK COUNTER #2
F1B4: 19                 1423 |     DAD D   ;
F1B5: C1                 1424 |     POP B   ;
F1B6: 0C                 1425 |     INR C   ;
F1B7: CA C4 F1           1426 |     JZ  CHKCR2  ;
F1BA: BE                 1427 |     CMP M   ;
F1BB: C8                 1428 |     RZ      ;
F1BC: CD 7F F1           1429 |     CALL    FLB1D1  ;
F1BF: D0                 1430 |     RNC     ;
F1C0: CD 2C F1           1431 |     CALL    COM28   ;* WRITE PROTECT DISK
F1C3: C9                 1432 |     RET     ;
                         1433 | ;
F1C4: 77                 1434 | CHKCR2: MOV M,A ;
F1C5: C9                 1435 |     RET     ;
                         1436 | ;
                         1437 | ;   DIRECTORY SECTOR WRITE
                         1438 | ;
                         1439 | ;   DMA ADDRESS IS SET TO (DIRBPT)
                         1440 | ;   SECTOR IS WRITEN
                         1441 | ;   DMA ADDRESS IS SET BACK TO (CURDMA)
                         1442 | ;
                         1443 | ;   (A)= 01 IS PASSED TO BIOS TO INDICATE THAT THIS
                         1444 | ;   IS A DIRECTORY WRITE OPERATION
                         1445 | ;


Assembly Listing                                                                                                Page: 27
------------------------------------------------------------------------------------------------------------------------

F1C6: CD 9C F1           1446 | DIRWRT: CALL    CHKCRC  ;COMPARE CHECKSUMS BEFORE WRITING
F1C9: CD E0 F1           1447 |     CALL    DIRDMA  ;SET DMA FOR DIRECTORY READ/WRITE
F1CC: 0E 01              1448 |     MVI C,01H   ;TELL BIOS THAT THIS IS A DIR WRITE
F1CE: CD B8 EF           1449 |     CALL    WRSECT  ;
F1D1: C3 DA F1           1450 |     JMP DIRD1   ;
                         1451 | ;
                         1452 | ;   DIRECTORY SECTOR READ
                         1453 | ;
                         1454 | ;   DMA ADDRESS IS SET TO (DIRBPT)
                         1455 | ;   THE SECTOR IS READ, AND
                         1456 | ;   DMA ADDRESS IS SET BACK TO (CURDMA)
                         1457 | ;
                         1458 | ;   THIS PROCEDURE AVOIDS OVERWRITING DATA AREAS
                         1459 | ;   BY THE DIRECTORY OPERATIONS A OCCURED IN CP/M 1.4
                         1460 | ;   DURING 'SAVE' OPERATIONS
                         1461 | ;
F1D4: CD E0 F1           1462 | DIREAD: CALL    DIRDMA  ;SET DMA FOR DIRECTORY READ/WRITE
F1D7: CD B2 EF           1463 |     CALL    RDSECT  ;
F1DA: 21 B1 F9           1464 | DIRD1:  LXI H,CURDMA    ;
F1DD: C3 E3 F1           1465 |     JMP DIRDM1  ;
                         1466 | ;
                         1467 | ;   SET DMA ADDRES FOR DIRECTORY READ/WRITE
                         1468 | ;
F1E0: 21 B9 F9           1469 | DIRDMA: LXI H,DIRBPT    ;GET DIRECTORY BUFFER POINTER
F1E3: 4E                 1470 | DIRDM1: MOV C,M ;(BC) <-- ((HL))
F1E4: 23                 1471 |     INX H   ;
F1E5: 46                 1472 |     MOV B,M ;
F1E6: C3 24 FA           1473 |     JMP SETDMA  ;BIOS CALL/SET DMA
                         1474 | ;
                         1475 | ;   MOVE SECTOR FROM ((DIRBPT)) TO ((CURDMA))
                         1476 | ;
                         1477 | ;Z80 USERS MIGHT CHANGE THIS TO SOMETHING LIKE:
                         1478 | ;
                         1479 | ;MOVSEC:LD  HL,(CURDMA)
                         1480 | ;   EX  DE,HL
                         1481 | ;   LD  HL,(DIRBPT)
                         1482 | ;   LD  BC,SECLEN
                         1483 | ;   LDIR
                         1484 | ;   RET
                         1485 | ;
F1E9: 2A B9 F9           1486 | MOVSEC: LHLD    DIRBPT  ;SOURCE
F1EC: EB                 1487 |     XCHG        ;
F1ED: 2A B1 F9           1488 |     LHLD    CURDMA  ;DESTINATION
F1F0: 0E 80              1489 |     MVI C,SECLEN    ;COUNT
F1F2: C3 4F EF           1490 |     JMP BLKMOV  ;
                         1491 | ;
                         1492 | ;   CHECK THE CONTENTS OF BLOCK COUNTER #1
                         1493 | ;
                         1494 | ;   RETURNS WITH (A)= LOW ORDER BYTE OF (BLCTR1)+1
                         1495 | ;       IF THE LOW ORDER BYTE = THE HIGH ORDER BYTE
                         1496 | ;       ELSE RETURNS WITH LOW ORDER BYTE
                         1497 | ;       OF (BLCTR1) IN (A).
                         1498 | ;       ZFLAG ALWAYS RESET UNLESS (BLCTR1)= -1
                         1499 | ;   COME TO THINK ABOUT IT, THIS IS REALLY A CHECK OF
                         1500 | ;   WHETHER (BLCTR1)= -1. IN THAT CASE WHY THE HELL IS
                         1501 | ;   THIS THING NOT WRITTEN AS FOLLOWS:


Assembly Listing                                                                                                Page: 28
------------------------------------------------------------------------------------------------------------------------

                         1502 | ;
                         1503 | ;CHKBC1:LHLD    BLCTR1  ;
                         1504 | ;   INX H   ;MAKE -1 INTO 00
                         1505 | ;   MOV A,L ;
                         1506 | ;   ORA H   ;
                         1507 | ;   RET     ;
                         1508 | ;
                         1509 | ;   THIS SUBROUTINE IS ALWAYS CALLED IMMEDIATELY AFTER
                         1510 | ;   CALLS TO SERCHF, SERCHN, MAKEF AND CLOSEF.
                         1511 | ;
F1F5: 21 EA F9           1512 | CHKBC1: LXI H,BLCTR1    ;
F1F8: 7E                 1513 |     MOV A,M ;
F1F9: 23                 1514 |     INX H   ;
F1FA: BE                 1515 |     CMP M   ;
F1FB: C0                 1516 |     RNZ     ;NOT EQUAL- RETURN W/ LOW ORDER BYTE
F1FC: 3C                 1517 |     INR A   ;EQUAL-- BUMP LOW ORDER BYTE
F1FD: C9                 1518 |     RET     ;
                         1519 | ;
                         1520 | ;   SET THE CONTENTS OF BLOCK COUNTER #1 TO -1
                         1521 | ;
F1FE: 21 FF FF           1522 | SETBC1: LXI H,-1    ;
F201: 22 EA F9           1523 |     SHLD    BLCTR1  ;BLOCK COUNTER #1
F204: C9                 1524 |     RET     ;
                         1525 | ;
                         1526 | ;   COMPARE THE CONTENTS OF BLOCK COUNTER #1 AGAINST
                         1527 | ;   THE MAXIMUM DIRECTORY CAPACITY OF THE DISK.
                         1528 | ;
                         1529 | ;   SET (BLCTR1) <-- -1 IF DIRECTORY CAPACITY IS EXCEEDED
                         1530 | ;   ELSE READ DIRECTORY SECTOR AND CHECK DIRECTORY
                         1531 | ;   CHECKSUM.
                         1532 | ;
                         1533 | ;   NOTE:
                         1534 | ;       Lines marked ** should be deleted and
                         1535 | ;       replaced with:
                         1536 | ;               JC SETBC1   ;ERROR EXIT
                         1537 | ;
F205: 2A C8 F9           1538 | GETDIR: LHLD    DIRMAX  ;MAX NUMBER OF ENTRIES IN DIRECTORY
F208: EB                 1539 |     XCHG        ;
F209: 2A EA F9           1540 |     LHLD    BLCTR1  ;BLOCK COUNTER #1
F20C: 23                 1541 |     INX H   ;
F20D: 22 EA F9           1542 |     SHLD    BLCTR1  ;BLOCK COUNTER #1
F210: CD 95 F1           1543 |     CALL    DEMIHL  ;(HL) <-- (DE) - (HL)
F213: D2 19 F2           1544 |     JNC GETDI1  ;**
F216: C3 FE F1           1545 |     JMP SETBC1  ;** SET (BLCTR1) <-- -1
                         1546 |             ;   ERROR EXIT
                         1547 | ;
F219: 3A EA F9           1548 | GETDI1: LDA BLCTR1  ;BLOCK COUNTER #1
F21C: E6 03              1549 |     ANI 03H ;
F21E: 06 05              1550 |     MVI B,05H   ;
F220: 87                 1551 | GETDI2: ADD A   ;
F221: 05                 1552 |     DCR B   ;
F222: C2 20 F2           1553 |     JNZ GETDI2  ;
F225: 32 E9 F9           1554 |     STA DIROFF  ;DIRECTORY OFFSET
F228: B7                 1555 |     ORA A   ;
F229: C0                 1556 |     RNZ     ;
F22A: C5                 1557 |     PUSH    B   ;


Assembly Listing                                                                                                Page: 29
------------------------------------------------------------------------------------------------------------------------

F22B: CD C3 EF           1558 |     CALL    TRKSEC  ;SET TRACK AND SECTOR
F22E: CD D4 F1           1559 |     CALL    DIREAD  ;READ DIRECTORY SECTOR FROM DISK
F231: C1                 1560 |     POP B   ;
F232: C3 9E F1           1561 |     JMP CHKCR1  ;OK EXIT
                         1562 | ;
                         1563 | ;   GET STATUS OF ALLOCATION OF BLOCK IN (A)
                         1564 | ;
                         1565 | ;   ENTRY PARAMETER:(BC)    CONTAINS DISK BLOCK #
                         1566 | ;   EXIT PARAMETER: (A)...  STATUS OF 1K BLOCK
                         1567 | ;           (D)...  BIT NUMBER
                         1568 | ;           (HL)..  POINTER TO BYTE IN ALLOCAION
                         1569 | ;               MAP
                         1570 | ;
                         1571 | ;   THIS SUBROUTINE IS CALLED:
                         1572 | ;                   TWICE BY WRSUB
                         1573 | ;                   ONCE  BY BLKMP5
                         1574 | ;   REPLACEMENT CODE:
                         1575 | ;GETALC:MOV A,C ;
                         1576 | ;   ANI 07H ;
                         1577 | ;   INR A   ;
                         1578 | ;   MOV E,A ;
                         1579 | ;   MOV D,A ;BIT COUNTER TO (D) & (E)
                         1580 | ;   MOV L,C ;
                         1581 | ;   MOV H,B ;
                         1582 | ;   MVI C,03H   ;
                         1583 | ;   PUSH    D   ;
                         1584 | ;   CALL    SHRHLC  ;(HL) <-- ENTRY PARAMETER/8
                         1585 | ;   XCHG        ;
                         1586 | ;   LHLD    DALLOC  ;
                         1587 | ;   DAD D   ;POINT TO BYTE IN ALLOCATION BLOCK
                         1588 | ;   POP D   ;RESTORE COUNTERS
                         1589 | ;   MOV A,M ;GET BIT MAP BYTE
                         1590 | ;GETAL1:RLC     ;ROTATE UNTIL DESIRED BIT
                         1591 | ;   DCR E   ;  IS LSB OF (A)
                         1592 | ;   JNZ GETAL1  ;
                         1593 | ;   RET     ;
                         1594 | ;
F235: 79                 1595 | GETALC: MOV A,C ;
F236: E6 07              1596 |     ANI 07H ;
F238: 3C                 1597 |     INR A   ;
F239: 5F                 1598 |     MOV E,A ;BIT NUMBER INTO (E) & (D)
F23A: 57                 1599 |     MOV D,A ;
F23B: 79                 1600 |     MOV A,C ;
F23C: 0F                 1601 |     RRC     ;/2
F23D: 0F                 1602 |     RRC     ;  /4
F23E: 0F                 1603 |     RRC     ;    /8
F23F: E6 1F              1604 |     ANI 1FH ;
F241: 4F                 1605 |     MOV C,A ;
F242: 78                 1606 |     MOV A,B ;
F243: 87                 1607 |     ADD A   ;*2
F244: 87                 1608 |     ADD A   ;  *4
F245: 87                 1609 |     ADD A   ;    *8
F246: 87                 1610 |     ADD A   ;      *16
F247: 87                 1611 |     ADD A   ;        *32
F248: B1                 1612 |     ORA C   ;
F249: 4F                 1613 |     MOV C,A ;


Assembly Listing                                                                                                Page: 30
------------------------------------------------------------------------------------------------------------------------

F24A: 78                 1614 |     MOV A,B ;
F24B: 0F                 1615 |     RRC     ;/2
F24C: 0F                 1616 |     RRC     ;  /4
F24D: 0F                 1617 |     RRC     ;    /8
F24E: E6 1F              1618 |     ANI 1FH ;
F250: 47                 1619 |     MOV B,A ;(BC) <-- (BC)/8= BYTE NUMBER
                         1620 |             ;   IN ALLOCATION BLOCK
F251: 2A BF F9           1621 |     LHLD    DALLOC  ;
F254: 09                 1622 |     DAD B   ;(HL) <-- POINTER TO ALLOC BYTE
F255: 7E                 1623 |     MOV A,M ;ALLOCATION BYTE
F256: 07                 1624 | GETAL1: RLC     ;ROTATE BIT INTO LSB (A)
F257: 1D                 1625 |     DCR E   ;
F258: C2 56 F2           1626 |     JNZ GETAL1  ;
F25B: C9                 1627 |     RET     ;
                         1628 | ;
                         1629 | ;   SET OR CLEAR 1K BLOCK FROM THE ALLOCATION MAP
                         1630 | ;
                         1631 | ;   ENTRY PARAMETER:    (BC)= DISK BLOCK NUMBER
                         1632 | ;               00 OR 01 IN (E)
                         1633 | ;       IF (E)= 00 THEN THE BLOCK IS CLEARED
                         1634 | ;       IF (E)= 01 THEN THE BLOCK IS MARKED "IN USE"
                         1635 | ;
F25C: D5                 1636 | BLKMP5: PUSH    D   ;SAVE ENTRY PARAMETER
F25D: CD 35 F2           1637 |     CALL    GETALC  ;GET STATUS OF ALLOCATION BLOCK IN LSB OF (A)
F260: E6 FE              1638 |     ANI 0FEH    ;MASK OFF LSB ::= CLEAR ALLOCATION
F262: C1                 1639 |     POP B   ;GET BACK ENTRY PARAMETER TO (BC)
F263: B1                 1640 |     ORA C   ;.OR. LSB WITH ENTRY PARAMETER
F264: 0F                 1641 | BLKMP6: RRC     ;ROTATE (A) PER COUNT IN (D)
F265: 15                 1642 |     DCR D   ;
F266: C2 64 F2           1643 |     JNZ BLKMP6  ;
                         1644 | ;
F269: 77                 1645 |     MOV M,A ;STORE BYTE BACK INTO ALLOCATION BLOCK
F26A: C9                 1646 |     RET     ;
                         1647 | ;
                         1648 | ;   SET OR CLEAR THE BIT CORRECPONDING TO THE
                         1649 | ;   1K DISK BLOCK NUMBER IN (HL).
                         1650 | ;
                         1651 | ;   ENTRY PARAMETER:    (HL)=DISK 1K BLOCK NUMBER
                         1652 | ;               (C)= 0 WHEN CALLED BY DELETE
                         1653 | ;               (C)= 1 WHEN CALLED BY LOGIN
                         1654 | ;   PASSES ENTRY PARAMETER TO BLKMP5 IN (E)
                         1655 | ;   IF PARAMETER IS 1, THEN THE 1K BLOCK IS MARKED AS
                         1656 | ;   AS BEING IN USE.
                         1657 | ;   IF PARAMETER IS 0, THEN THE 1K BLOCK IS CLEARED AND
                         1658 | ;   CAN BE REALLOCATED.
                         1659 | ;
F26B: CD 5E F1           1660 | BLKMAP: CALL    DIRPTR  ;(HL) <-- (DIRBPT) + (DIROFF)
F26E: 11 10 00           1661 |     LXI D,16    ;
F271: 19                 1662 |     DAD D   ;POINT TO START OF BLOCK NUMBERS
F272: C5                 1663 |     PUSH    B   ;SAVE ENTRY PARAMETER
F273: 0E 11              1664 |     MVI C,11H   ;COUNTER 16 BYTES + 1
F275: D1                 1665 | BLKMP1: POP D   ;
F276: 0D                 1666 |     DCR C   ;
F277: C8                 1667 |     RZ      ;EXIT WHEN LAST BLOCK IS CHECKED
F278: D5                 1668 |     PUSH    D   ;
F279: 3A DD F9           1669 |     LDA BIGDSK  ;8" SD: 0FFH, LARGE CAP DISK: 00H


Assembly Listing                                                                                                Page: 31
------------------------------------------------------------------------------------------------------------------------

F27C: B7                 1670 |     ORA A   ;
F27D: CA 88 F2           1671 |     JZ  BLKMP2  ;
                         1672 | ;
                         1673 | ;   CODE FOR 8" SD
                         1674 | ;
F280: C5                 1675 |     PUSH    B   ;
F281: E5                 1676 |     PUSH    H   ;
F282: 4E                 1677 |     MOV C,M ;
F283: 06 00              1678 |     MVI B,00H   ;
F285: C3 8E F2           1679 |     JMP BLKMP3  ;
                         1680 | ;
                         1681 | ;   CODE FOR LARGE DISK
                         1682 | ;
F288: 0D                 1683 | BLKMP2: DCR C   ;
F289: C5                 1684 |     PUSH    B   ;
F28A: 4E                 1685 |     MOV C,M ;
F28B: 23                 1686 |     INX H   ;
F28C: 46                 1687 |     MOV B,M ;
F28D: E5                 1688 |     PUSH    H   ;
                         1689 | ;
                         1690 | ;   RESUME COMMON CODE
                         1691 | ;
                         1692 | ;   IF (BC) <> 0000H AND (HL) >= (BC)\
                         1693 | ;       THEN UPDATE ALLOCATION MAP
                         1694 | ;
F28E: 79                 1695 | BLKMP3: MOV A,C ;
F28F: B0                 1696 |     ORA B   ;
F290: CA 9D F2           1697 |     JZ  BLKMP4  ;
F293: 2A C6 F9           1698 |     LHLD    DSKSIZ  ;DISK SIZE, # OF 1K BLOCKS -1
F296: 7D                 1699 |     MOV A,L ;
F297: 91                 1700 |     SUB C   ;
F298: 7C                 1701 |     MOV A,H ;
F299: 98                 1702 |     SBB B   ;(HL) - (BC)
F29A: D4 5C F2           1703 |     CNC BLKMP5  ;UPDATE ALLOCATION MAP
F29D: E1                 1704 | BLKMP4: POP H   ;
F29E: 23                 1705 |     INX H   ;POINT TO NEXT BLOCK
F29F: C1                 1706 |     POP B   ;RESTORE INPUT PARAMETER
F2A0: C3 75 F2           1707 |     JMP BLKMP1  ;LOOP
                         1708 | ;
                         1709 | ;   SECOND HALF OF DISK LOG-IN PROCEDURES
                         1710 | ;
                         1711 | ;   THERE IS NO REASON WHY THIS CANNOT BE MOVED
                         1712 | ;   DOWN TO THE END OF LOGIN INSTEAD OF HAVING
                         1713 | ;   TO BREAK THINGS WITH A JUMP UP TO THIS
                         1714 | ;   LOCATION. PERHAPS DIGITAL RESEARCH THINKS
                         1715 | ;   THAT THE PROGRAM COUNTER NEEDS EXCERCIZE?
                         1716 | ;
                         1717 | ;   NOTE:
                         1718 | ;       THE FOLLOWING FANDANGO OF COMPUTING THE
                         1719 | ;       NUMBER OF BYTES IN THE ALLOCATION BLOCK
                         1720 | ;       COULD BE AVOIDED BY MERELY PICKING UP
                         1721 | ;       THE VALUE DIRECTLY AS FOLLOWS:
                         1722 | ;
                         1723 | ;LOGIN1:LHLD    ALLOC0  ;
                         1724 | ;   MOV B,H ;
                         1725 | ;   MOV C,L ;


Assembly Listing                                                                                                Page: 32
------------------------------------------------------------------------------------------------------------------------

                         1726 | ;   LHLD    DALLOC  ;
                         1727 | ;LOGIN2:MVI M,00H........
                         1728 | ;
F2A3: 2A C6 F9           1729 | LOGIN1: LHLD    DSKSIZ  ;DISK SIZE, # OF 1K BLOCKS -1
F2A6: 0E 03              1730 |     MVI C,03H   ;DIVIDE THE DISK SIZE BY 8
F2A8: CD EA F0           1731 |     CALL    SHRHLC  ;SHIFT (HL) RIGHT PER COUNT IN (C)
F2AB: 23                 1732 |     INX H   ;ADD 1
F2AC: 44                 1733 |     MOV B,H ;PUT THE NUMBER OF ALLOCATION BYTES
F2AD: 4D                 1734 |     MOV C,L ; INTO (BC)
F2AE: 2A BF F9           1735 |     LHLD    DALLOC  ;POINT TO START OF ALLOCATION BLOCK
F2B1: 36 00              1736 | LOGIN2: MVI M,00H   ;ZERO OUT THE ALLOCATION BLOCK
F2B3: 23                 1737 |     INX H   ;
F2B4: 0B                 1738 |     DCX B   ;
F2B5: 78                 1739 |     MOV A,B ;
F2B6: B1                 1740 |     ORA C   ;
F2B7: C2 B1 F2           1741 |     JNZ LOGIN2  ;
                         1742 | ;
F2BA: 2A CA F9           1743 |     LHLD    ALLOC0  ;SIZE OF ALLOCATION BLOCK
F2BD: EB                 1744 |     XCHG        ;
F2BE: 2A BF F9           1745 |     LHLD    DALLOC  ;
F2C1: 73                 1746 |     MOV M,E ;
F2C2: 23                 1747 |     INX H   ;
F2C3: 72                 1748 |     MOV M,D ;(DALLOC) <-- ((ALLOC0))
F2C4: CD A1 EF           1749 |     CALL    SETDIR  ;
F2C7: 2A B3 F9           1750 |     LHLD    DWORD1  ;
F2CA: 36 03              1751 |     MVI M,03H   ;
F2CC: 23                 1752 |     INX H   ;
F2CD: 36 00              1753 |     MVI M,00H   ;((DWORD1)) <-- 0003H
F2CF: CD FE F1           1754 |     CALL    SETBC1  ;SET (BLCTR1) <-- -1
F2D2: 0E FF              1755 | LOGIN3: MVI C,0FFH  ;
F2D4: CD 05 F2           1756 |     CALL    GETDIR  ;GET DIRECTORY SECTOR
F2D7: CD F5 F1           1757 |     CALL    CHKBC1  ;CHECK CONTENTS OF (BLCTR1)
F2DA: C8                 1758 |     RZ      ;
F2DB: CD 5E F1           1759 |     CALL    DIRPTR  ;(HL) <-- (DIRBPT) + (DIROFF)
F2DE: 3E E5              1760 |     MVI A,0E5H  ;
F2E0: BE                 1761 |     CMP M   ;CHECK FOR UNUSED DIRECTORY ENTRY
F2E1: CA D2 F2           1762 |     JZ  LOGIN3  ;NOT IN USE- GO LOOK FOR ANOTHER
                         1763 | ;
                         1764 | ;   CHECK TO SEE IF FIRST BYTE OF FCB MATCHES
                         1765 | ;   THE CURRENT USER NUMBER.
                         1766 | ;
F2E4: 3A 41 EF           1767 |     LDA USERNO  ;
F2E7: BE                 1768 |     CMP M   ;
F2E8: C2 F6 F2           1769 |     JNZ LOGIN4  ;NO MATCH- SKIP IT
F2EB: 23                 1770 |     INX H   ;MATCH- CHECK TO SEE IF THIS IS SOME
F2EC: 7E                 1771 |     MOV A,M ;       SORT OF TEMPORARY FILE OF THE
F2ED: D6 24              1772 |     SUI '$' ;       $$$.EXT VARIETY
F2EF: C2 F6 F2           1773 |     JNZ LOGIN4  ; NO MATCH- JUST SKIP
F2F2: 3D                 1774 |     DCR A   ;MATCH- SO MAKE RETURN PARAMETER= 0FFH
F2F3: 32 45 EF           1775 |     STA RETPAR  ;RETURN PARAMETER
F2F6: 0E 01              1776 | LOGIN4: MVI C,01H   ;
F2F8: CD 6B F2           1777 |     CALL    BLKMAP  ;
F2FB: CD 8C F1           1778 |     CALL    SWB1D1  ;
F2FE: C3 D2 F2           1779 |     JMP LOGIN3  ;LOOP
                         1780 | ;
                         1781 | ;   PICK UP THE FLAG SET BY SEARCH OPERATIONS


Assembly Listing                                                                                                Page: 33
------------------------------------------------------------------------------------------------------------------------

                         1782 | ;   THEN VAMOOSE OUT OF BDOS
                         1783 | ;
F301: 3A D4 F9           1784 | EXIT3:  LDA SRCHFL  ;POINTER SET BY SERCHF FOR USE BY SERCHN
F304: C3 01 EF           1785 |     JMP EXIT1   ;
                         1786 | ;
                         1787 | ;   SUBROUTINE CALLED BY SEARCH WHEN COMPARING
                         1788 | ;   BYTE 12. THIS HAS SOMETHING TO DO WITH THE
                         1789 | ;   EXTENT NUMBER BYTE, BUT EXACT USE NOT 
                         1790 | ;   DETERMINED YET. (NLMASK)* ::= .NOT.(NLMASK)
                         1791 | ;
                         1792 | ;   (A) <-- ((A).AND.(NLMASK)* - (C).AND.(NLMASK)*).AND.1FH
                         1793 | ;
F307: C5                 1794 | SERCH7: PUSH    B   ;
F308: F5                 1795 |     PUSH    PSW ;
F309: 3A C5 F9           1796 |     LDA NLMASK  ;NULL BLOCK  MASK
F30C: 2F                 1797 |     CMA     ;
F30D: 47                 1798 |     MOV B,A ;
F30E: 79                 1799 |     MOV A,C ;
F30F: A0                 1800 |     ANA B   ;
F310: 4F                 1801 |     MOV C,A ;
F311: F1                 1802 |     POP PSW ;
F312: A0                 1803 |     ANA B   ;
F313: 91                 1804 |     SUB C   ;
F314: E6 1F              1805 |     ANI 1FH ;
F316: C1                 1806 |     POP B   ;
F317: C9                 1807 |     RET     ;
                         1808 | ;
                         1809 | ;   SEARCH FOR OCCURENCE OF FILE NAME IN DIRECTORY
                         1810 | ;
                         1811 | ;   SERCHF IS INITIAL ENTRY POINT WHICH LEAVES
                         1812 | ;   FCB VECTOR FOR USE BY SUBSEQUENT SEARCHES
                         1813 | ;   WHICH ENTER BY WAY OF SERCHN. NO OTHER BDOS
                         1814 | ;   CALLS WHICH MAKE USE OF SRCHFP BETWEEN THE
                         1815 | ;   INTIAL CALL TO SERCHF AND CALLS TO SERCHN ARE
                         1816 | ;   ARE ALLOWED OR ELSE RATHER STRANGE THINGS MAY HAPPEN.
                         1817 | ;   REMEMBER THAT BDOS IS NOT DESIGNED FOR RECURSIVE CALLS
                         1818 | ;   AND STORED VALUES ARE OVERWRITTEN INSTEAD OF BEING
                         1819 | ;   PUSHED UP ONTO A LOCAL STACK.
                         1820 | ;
                         1821 | ;   SERCHF INITIATES (SRCHFL) TO 0FFH.
                         1822 | ;   A SUCCESSFUL MATCH CLEARS IT TO 00
                         1823 | ;
                         1824 | ;   ENTRY PARAMETER:    (C)= NUMBER OF BYTES TO BE MATCHED
                         1825 | ;               THIS COUNT IS STORED IN (SRCHCT)
                         1826 | ;               FOR SUBSEQUENT CALLS TO SERCHN
                         1827 | ;
F318: 3E FF              1828 | SERCHF: MVI A,0FFH  ;SEARCH FOR FIRST OCCURENCE OF FILE NAME
F31A: 32 D4 F9           1829 |     STA SRCHFL  ;POINTER SET BY SERCHF FOR USE BY SERCHN
F31D: 21 D8 F9           1830 |     LXI H,SRCHCT ;SEARCH BYTE COUNTER
F320: 71                 1831 |     MOV M,C ;
F321: 2A 43 EF           1832 |     LHLD    ENTPAR  ;ENTRY PARAMETER
F324: 22 D9 F9           1833 |     SHLD    SRCHFP  ;SEARCH FCB POINTER, SET BY SERCHF
F327: CD FE F1           1834 |     CALL    SETBC1  ;SET (BLCTR1) <-- -1
F32A: CD A1 EF           1835 |     CALL    SETDIR  ;
                         1836 | ;
                         1837 | ;   ENTRY POINT FOR SUBSEQUENT SEARCHES


Assembly Listing                                                                                                Page: 34
------------------------------------------------------------------------------------------------------------------------

                         1838 | ;
F32D: 0E 00              1839 | SERCHN: MVI C,00H   ;SEARCH FOR NEXT OCCURENCE OF FILE NAME
F32F: CD 05 F2           1840 |     CALL    GETDIR  ;GET DIRECTORY SECTOR
F332: CD F5 F1           1841 |     CALL    CHKBC1  ;
F335: CA 94 F3           1842 |     JZ  SERCH6  ;
F338: 2A D9 F9           1843 |     LHLD    SRCHFP  ;SEARCH FCB POINTER, SET BY SERCHF
F33B: EB                 1844 |     XCHG        ;
F33C: 1A                 1845 |     LDAX    D   ;
F33D: FE E5              1846 |     CPI 0E5H    ;IS THIS DIRECTORY BLOCK IN USE?
F33F: CA 4A F3           1847 |     JZ  SERCH1  ;NO-
F342: D5                 1848 |     PUSH    D   ;
F343: CD 7F F1           1849 |     CALL    FLB1D1  ;
F346: D1                 1850 |     POP D   ;
F347: D2 94 F3           1851 |     JNC SERCH6  ;
F34A: CD 5E F1           1852 | SERCH1: CALL    DIRPTR  ;(HL) <-- (DIRBPT) + (DIROFF)
F34D: 3A D8 F9           1853 |     LDA SRCHCT  ;NUMBER OF BYTES TO BE COMPARED
F350: 4F                 1854 |     MOV C,A ;
F351: 06 00              1855 |     MVI B,00H   ;COUNTER FOR BYTE BEING COMPARED
F353: 79                 1856 | SERCH2: MOV A,C ;
F354: B7                 1857 |     ORA A   ;CHECK THE COUNT
F355: CA 83 F3           1858 |     JZ  SERCH5  ;END OF THE MATCH- EXIT TRIUMPHANTLY
F358: 1A                 1859 |     LDAX    D   ;
F359: FE 3F              1860 |     CPI '?' ;WILDCARD MATCH
F35B: CA 7C F3           1861 |     JZ  SERCH4  ;
F35E: 78                 1862 |     MOV A,B ;
F35F: FE 0D              1863 |     CPI 0DH ;ARE WE AT BYTE 13?
F361: CA 7C F3           1864 |     JZ  SERCH4  ;SKIP- WE DON'T HAVE TO MATCH BYTE 13
F364: FE 0C              1865 |     CPI 0CH ;ARE WE AT BYTE 12?
F366: 1A                 1866 |     LDAX    D   ;
F367: CA 73 F3           1867 |     JZ  SERCH3  ;
F36A: 96                 1868 |     SUB M   ;COMPARE FCB BYTE TO DIR ENTRY BYTE W/
                         1869 |             ;MSB MASKED. THIS IS SO THAT SYSTEM
                         1870 |             ;AND R/O FILENAMES CAN BE MATCHED
F36B: E6 7F              1871 |     ANI 7FH ;
F36D: C2 2D F3           1872 |     JNZ SERCHN  ;NO MATCH- GET ANOTHER DIRECTORY ENTRY
F370: C3 7C F3           1873 |     JMP SERCH4  ;GOT A MATCH GOING, GO TO NEXT BYTE
                         1874 | ;
                         1875 | ;   WE COME HERE ON BYTE 12 (EXTENT BYTE)
                         1876 | ;
F373: C5                 1877 | SERCH3: PUSH    B   ;
F374: 4E                 1878 |     MOV C,M ;
F375: CD 07 F3           1879 |     CALL    SERCH7  ;
F378: C1                 1880 |     POP B   ;
F379: C2 2D F3           1881 |     JNZ SERCHN  ;SEARCH FOR NEXT OCCURENCE OF FILE NAME
                         1882 | ;
                         1883 | ;   WE HAVE A MATCH GOING, BUMP THE COUNTERS & POINTERS
                         1884 | ;   FOR ANOTHER TURN AROUND THE LOOP
                         1885 | ;
F37C: 13                 1886 | SERCH4: INX D   ;INCREMENT POINTERS
F37D: 23                 1887 |     INX H   ;
F37E: 04                 1888 |     INR B   ;
F37F: 0D                 1889 |     DCR C   ;DECREMENT LOOP COUNT
F380: C3 53 F3           1890 |     JMP SERCH2  ;LOOP
                         1891 | ;
                         1892 | ;   FILE NAME FOUND EXIT
                         1893 | ;


Assembly Listing                                                                                                Page: 35
------------------------------------------------------------------------------------------------------------------------

                         1894 | ;   LEAVE WITH (RETPAR) SET TO THE DIRECTORY OFFSET
                         1895 | ;   NUMBER. I.E. 0, 1, 2 OR 3 THAT MARKS THE DIRECTORY
                         1896 | ;   ENTRY IN (DIRBPT) THAT MATCHED FCB.
                         1897 | ;   (SRCHFL) CLEARED IF WAS NOT ALREADY DONE SO IN A
                         1898 | ;   PREVIOUS PASS. CODE MARKED '*' COULD BE REPLACED
                         1899 | ;   BY:
                         1900 | ;       XRA A   ;
                         1901 | ;       STA SRCHFL  ;
                         1902 | ;       RET     ;
                         1903 | ;
F383: 3A EA F9           1904 | SERCH5: LDA BLCTR1  ;BLOCK COUNTER #1
F386: E6 03              1905 |     ANI 03H ;
F388: 32 45 EF           1906 |     STA RETPAR  ;RETURN PARAMETER
F38B: 21 D4 F9           1907 |     LXI H,SRCHFL    ;*
F38E: 7E                 1908 |     MOV A,M ;*GET (SRCHFL) IN (A)
F38F: 17                 1909 |     RAL     ;*WAS IT PREVIOUSLY CLEARED?
F390: D0                 1910 |     RNC     ;*YES- EXIT
F391: AF                 1911 |     XRA A   ;*NO- SO CLEAR IT NOW
F392: 77                 1912 |     MOV M,A ;*
F393: C9                 1913 |     RET     ;*
                         1914 | ;
                         1915 | ;   FILE NAME NOT FOUND EXIT
                         1916 | ;
                         1917 | ;   SET (BLKCTR)= 0FFFFH AND (RETVAL)= 0FFH
                         1918 | ;   TO TELL THE WORLD THAT NO MATCH WAS FOUND
                         1919 | ;
F394: CD FE F1           1920 | SERCH6: CALL    SETBC1  ;SET (BLCTR1) <-- -1
F397: 3E FF              1921 |     MVI A,0FFH  ;
F399: C3 01 EF           1922 |     JMP EXIT1   ;(RETVAL) <-- (A) AND RETURN
                         1923 | ;
                         1924 | ;   DELETE FILE FROM DIRECTORY
                         1925 | ;
                         1926 | ;   THE FIRST 12 CHARACTERS OF THE FILENAME.TYP ARE
                         1927 | ;   COMPARED TO THE DIRECTORY ENTRIES, AND IF A MATCH
                         1928 | ;   IS FOUND, THE FIRST BYTE OF THE DIRECTORY ENTRY
                         1929 | ;   IS CHANEG TO 0E5H. THE DATA IS ON THE DISK AND
                         1930 | ;   CAN BE RECOVERED BY SUCH UTILITIES AS UNERASE OR
                         1931 | ;   SPAT.
                         1932 | ;
F39C: CD 54 F1           1933 | DELETE: CALL    INTRRO  ;INTEROGATE CURRENT R/O STATUS
F39F: 0E 0C              1934 |     MVI C,0CH   ;12 CHARACTER MATCH
F3A1: CD 18 F3           1935 |     CALL    SERCHF  ;SEARCH FOR FIRST OCCURENCE OF FILE NAME
F3A4: CD F5 F1           1936 | DELET1: CALL    CHKBC1  ;CHECK CONTENTS OF (BLCTR1)
F3A7: C8                 1937 |     RZ      ;EXIT WHEN THERE IS NO FURTHER MATCH
F3A8: CD 44 F1           1938 |     CALL    CHKRO   ;CHECK CURRENT R/O STATUS
F3AB: CD 5E F1           1939 |     CALL    DIRPTR  ;(HL) <-- (DIRBPT) + (DIROFF)
F3AE: 36 E5              1940 |     MVI M,0E5H  ;INSERT ERASE CHAR IN DIR FCB
F3B0: 0E 00              1941 |     MVI C,00H   ;
F3B2: CD 6B F2           1942 |     CALL    BLKMAP  ;
F3B5: CD C6 F1           1943 |     CALL    DIRWRT  ;WRITE DIRECTORY SECTOR TO DISK
F3B8: CD 2D F3           1944 |     CALL    SERCHN  ;FIND NEXT OCCURENCE OF FILE NAME
F3BB: C3 A4 F3           1945 |     JMP DELET1  ;LOOP BACK FOR ANOTHER TRY
                         1946 | ;
                         1947 | ;   SUBROUTINE CALLED BY WRSEQ
                         1948 | ;
                         1949 | ;   SEARCHES FOR FIRST UNUSED 1K BLOCK IN THE ALLOCATION


Assembly Listing                                                                                                Page: 36
------------------------------------------------------------------------------------------------------------------------

                         1950 | ;   ALLOCATION MAP
                         1951 | ;
                         1952 | ;   ENTRY PARAMETERS:(BC)   CURRENT BLOCK NUMBER OR 0000H
                         1953 | ;               (SEE NOTE BELOW)
                         1954 | ;   EXIT PARAMETERS: (HL)   NUMBER OF NEXT FREE BLOCK OR
                         1955 | ;               0000H IF NO BLOCK AVAILABLE
                         1956 | ;
                         1957 | ;   NOTE:
                         1958 | ;       SEARCH STARTS AT BLOCK 0000H FOR FIRST ALLOC-
                         1959 | ;       ATION FOR A NEW DIRECTORY EXTENT, OR FROM THE
                         1960 | ;       CURRENT BLOCK NUMBER FOR SUBSEQUENT ALLOCATIONS
                         1961 | ;       THIS SAVES TIME SINCE IT ASSUMES THAT ALL
                         1962 | ;       BLOCKS UP TO THE CURRENT ONE HAVE BEEN USED.
                         1963 | ;       THIS MAY CAUSE AN 'OUT OF DISK SPACE' ERROR
                         1964 | ;       IF OTHER FILES ARE BEING DELETED WHILE THIS
                         1965 | ;       ONE IS BEING WRITTEN. A REMOTE, BUT REAL,
                         1966 | ;       POSSIBILITY.
                         1967 | ;
F3BE: 50                 1968 | WRSUB:  MOV D,B ;
F3BF: 59                 1969 |     MOV E,C ;(DE) <-- (BC)
F3C0: 79                 1970 | WRSUB1: MOV A,C ;
F3C1: B0                 1971 |     ORA B   ;
F3C2: CA D1 F3           1972 |     JZ  WRSUB2  ;
F3C5: 0B                 1973 |     DCX B   ;
F3C6: D5                 1974 |     PUSH    D   ;
F3C7: C5                 1975 |     PUSH    B   ;
F3C8: CD 35 F2           1976 |     CALL    GETALC  ;GET STATUS OF ALLOCATION BLOCK IN LSB OF (A)
F3CB: 1F                 1977 |     RAR     ;
F3CC: D2 EC F3           1978 |     JNC WRSUB3  ;FOUND AN EMPTY ONE
F3CF: C1                 1979 |     POP B   ;
F3D0: D1                 1980 |     POP D   ;
F3D1: 2A C6 F9           1981 | WRSUB2: LHLD    DSKSIZ  ;DISK SIZE, # OF 1K BLOCKS -1
F3D4: 7B                 1982 |     MOV A,E ;
F3D5: 95                 1983 |     SUB L   ;
F3D6: 7A                 1984 |     MOV A,D ;
F3D7: 9C                 1985 |     SBB H   ;
F3D8: D2 F4 F3           1986 |     JNC WRSUB4  ;
F3DB: 13                 1987 |     INX D   ;
F3DC: C5                 1988 |     PUSH    B   ;
F3DD: D5                 1989 |     PUSH    D   ;
F3DE: 42                 1990 |     MOV B,D ;
F3DF: 4B                 1991 |     MOV C,E ;
F3E0: CD 35 F2           1992 |     CALL    GETALC  ;GET STATUS OF ALLOCATION BLOCK IN LSB OF (A)
F3E3: 1F                 1993 |     RAR     ;
F3E4: D2 EC F3           1994 |     JNC WRSUB3  ;
F3E7: D1                 1995 |     POP D   ;
F3E8: C1                 1996 |     POP B   ;
F3E9: C3 C0 F3           1997 |     JMP WRSUB1  ;
                         1998 | ;
                         1999 | ;   BLOCK FOUND
                         2000 | ;
F3EC: 17                 2001 | WRSUB3: RAL     ;ROTATE BACK INTO PLACE
F3ED: 3C                 2002 |     INR A   ;MARK IT 'IN USE'
F3EE: CD 64 F2           2003 |     CALL    BLKMP6  ;PUT BACK INTO BLOCK MAP
F3F1: E1                 2004 |     POP H   ;(HL) <-- BLOCK NUMBER
F3F2: D1                 2005 |     POP D   ;WASTE STACK


Assembly Listing                                                                                                Page: 37
------------------------------------------------------------------------------------------------------------------------

F3F3: C9                 2006 |     RET     ;
                         2007 | ;
                         2008 | ;   NO EMPTY BLOCKS
                         2009 | ;
F3F4: 79                 2010 | WRSUB4: MOV A,C ;
F3F5: B0                 2011 |     ORA B   ;
F3F6: C2 C0 F3           2012 |     JNZ WRSUB1  ;
F3F9: 21 00 00           2013 |     LXI H,0000H ;
F3FC: C9                 2014 |     RET     ;
                         2015 | ;
                         2016 | ;   SUBROUTINE CALLED BY MAKEF
                         2017 | ;
                         2018 | ;   MOVES 32 BYTES FROM FILE CONTROL BLOCK TO
                         2019 | ;   DIRECTORY ENTRY THEN WRITES DIRECTORY SECTOR
                         2020 | ;   TO DISK.
                         2021 | ;
                         2022 | ;   ALSO CALLED THROUGH SECONDARY ENTRY POINT:
                         2023 | ;
                         2024 | ;   (C)= 16, (E)= 12    WHEN CALLED BY RENAME   
                         2025 | ;   (C)= 00, (E)= 12    WHEN CALLED BY ATTRIB
                         2026 | ;
F3FD: 0E 00              2027 | MAKESR: MVI C,00H   ;
F3FF: 1E 20              2028 |     MVI E,32    ;DIRECTORY ENTRY IS 32 BYTES
                         2029 | ;
                         2030 | ;   SECONDARY ENTRY POINT
                         2031 | ;   (C)= OFFSET, (E)= BYTE COUNTER
                         2032 | ;
F401: D5                 2033 | MAKES1: PUSH    D   ;SAVE COUNTER
F402: 06 00              2034 |     MVI B,00H   ;
F404: 2A 43 EF           2035 |     LHLD    ENTPAR  ;ENTRY PARAMETER
F407: 09                 2036 |     DAD B   ;  ADD OFFSET
F408: EB                 2037 |     XCHG        ;     MOVE TO (DE)
F409: CD 5E F1           2038 |     CALL    DIRPTR  ;(HL) <-- (DIRBPT) + (DIROFF)
F40C: C1                 2039 |     POP B   ;
F40D: CD 4F EF           2040 |     CALL    BLKMOV  ;MOVE FILENAME.EXT INTO DIR BUFFER
F410: CD C3 EF           2041 | MAKES2: CALL    TRKSEC  ;SET TRACK AND SECTOR
F413: C3 C6 F1           2042 |     JMP DIRWRT  ;WRITE DIRECTORY BUFFER TO DISK
                         2043 | ;
                         2044 | ;   RENAME FILE
                         2045 | ;
                         2046 | ;   ON ENTRY THE CONTENTS OF (DE) POINTS TO A 32
                         2047 | ;   BYTE BLOCK WHERE THE FIRST 16 BYTES ARE THE
                         2048 | ;   OLD FILENAME.TYP AND THE SECOND 16 ARE THE
                         2049 | ;   NEW FILENAME.EXT. THIS PIECE OF CODE MAKES A
                         2050 | ;   12 BYTE SEARCH TO MATCH THE OLD FILENAME.TYP
                         2051 | ;   WITH ENTRIES IN THE DIRECTORY. WHEN A MATCH
                         2052 | ;   IS MADE THE NEW FILENAME.TYP IS INSERTED INTO
                         2053 | ;   THE DIRECTORY SECTOR AND THE SECTOR WRITTTEN
                         2054 | ;   BACK ONTO THE DISK.
                         2055 | ;
F416: CD 54 F1           2056 | RENAME: CALL    INTRRO  ;INTEROGATE CURRENT R/O STATUS
F419: 0E 0C              2057 |     MVI C,0CH   ;SET UP FOR 12 BYTE SEARCH
F41B: CD 18 F3           2058 |     CALL    SERCHF  ;SEARCH FOR FIRST OCCURENCE OF FILE NAME
F41E: 2A 43 EF           2059 |     LHLD    ENTPAR  ;ENTRY PARAMETER
F421: 7E                 2060 |     MOV A,M ;
F422: 11 10 00           2061 |     LXI D,16    ;


Assembly Listing                                                                                                Page: 38
------------------------------------------------------------------------------------------------------------------------

F425: 19                 2062 |     DAD D   ;POINT TO NEW FILENAME.TYP
F426: 77                 2063 |     MOV M,A ;
F427: CD F5 F1           2064 | RENAM1: CALL    CHKBC1  ;CHECK CONTENTS OF (BLCTR1)
F42A: C8                 2065 |     RZ      ;EXIT- NO MATCH
F42B: CD 44 F1           2066 |     CALL    CHKRO   ;CHECK CURRENT R/O STATUS
F42E: 0E 10              2067 |     MVI C,10H   ;16 BYTE OFFSET
F430: 1E 0C              2068 |     MVI E,0CH   ;12 BYTE MOVE
F432: CD 01 F4           2069 |     CALL    MAKES1  ;MOVE FILENAME.TYP & WRITE DIR TO DISK
F435: CD 2D F3           2070 |     CALL    SERCHN  ;SEARCH FOR NEXT OCCURENCE OF FILE NAME
F438: C3 27 F4           2071 |     JMP RENAM1  ;LOOP BACK FOR ANOTHER GO AT IT
                         2072 | ;
                         2073 | ;   SET FILE ATTRIBUTES
                         2074 | ;
                         2075 | ;   THIS PIECE OF CODE IS USED OFFICIALLY TO MAKE
                         2076 | ;   SYSTEM FILES INVISIBLE TO  DIRECTORY OPERATIONS
                         2077 | ;   BY SETTING MSB OF T1 HIGH AND TO MAKE FILES "READ
                         2078 | ;   ONLY" BY SETTING MSB OF T2 HIGH. COULD BE USED FOR
                         2079 | ;   OTHER MISCHIEF.
                         2080 | ;
F43B: 0E 0C              2081 | ATTRIB: MVI C,0CH   ;12 BYTE SEARCH
F43D: CD 18 F3           2082 |     CALL    SERCHF  ;SEARCH FOR FIRST OCCURENCE OF FILE NAME
F440: CD F5 F1           2083 | ATTRB1: CALL    CHKBC1  ;CHECK CONTENTS OF (BLCTR1)
F443: C8                 2084 |     RZ      ;RETURN WHEN FILENAME.EXT CANNOT BE
                         2085 |             ;FOUND, EITHER ON THE FIRST PASS OR
                         2086 |             ;SUBSEQUENT PASSES
F444: 0E 00              2087 |     MVI C,00H   ;
F446: 1E 0C              2088 |     MVI E,0CH   ;MOVE 12 BYTES INTO DIRECTORY BUFFER
F448: CD 01 F4           2089 |     CALL    MAKES1  ;REPLACING CURRENT NAME & REWRITING DIR
F44B: CD 2D F3           2090 |     CALL    SERCHN  ;SEARCH FOR NEXT OCCURENCE OF FILE NAME
F44E: C3 40 F4           2091 |     JMP ATTRB1  ;LOOP
                         2092 | ;
                         2093 | ;   OPEN A FILE FOR READING OR WRITING
                         2094 | ;
F451: 0E 0F              2095 | OPENF:  MVI C,0FH   ;15 BYTES SEARCH
F453: CD 18 F3           2096 |     CALL    SERCHF  ;SEARCH FOR FIRST OCCURENCE OF FILE NAME
F456: CD F5 F1           2097 |     CALL    CHKBC1  ;CHECK CONTENTS OF (BLCTR1)
F459: C8                 2098 |     RZ      ;--ERROR EXIT FILE NOT FOUND
F45A: CD A6 F0           2099 | OPENF1: CALL    FCB12   ; (HL) <-- FCB + 12 , EXT BYTE PTR
F45D: 7E                 2100 |     MOV A,M ;
F45E: F5                 2101 |     PUSH    PSW ;
F45F: E5                 2102 |     PUSH    H   ;
F460: CD 5E F1           2103 |     CALL    DIRPTR  ;(HL) <-- (DIRBPT) + (DIROFF)
F463: EB                 2104 |     XCHG        ;
F464: 2A 43 EF           2105 |     LHLD    ENTPAR  ;ENTRY PARAMETER
F467: 0E 20              2106 |     MVI C,32    ;SIZE OF DIRECTORY BLOCK
F469: D5                 2107 |     PUSH    D   ;
F46A: CD 4F EF           2108 |     CALL    BLKMOV  ;MOVE DIRECTORY BLOCK INTO FCB
F46D: CD 78 F1           2109 |     CALL    SET14   ;SET MSB OF BYTE 14 TO SAY FILE OPEN
F470: D1                 2110 |     POP D   ;
F471: 21 0C 00           2111 |     LXI H,12    ;
F474: 19                 2112 |     DAD D   ;
F475: 4E                 2113 |     MOV C,M ;(C) <-- (DIRECTORY ENTRYI+12)= EXTENT
F476: 21 0F 00           2114 |     LXI H,15    ;
F479: 19                 2115 |     DAD D   ;
F47A: 46                 2116 |     MOV B,M ;(B) <-- (DIRECTORY ENTRY+15)= RECORD CTR
F47B: E1                 2117 |     POP H   ;


Assembly Listing                                                                                                Page: 39
------------------------------------------------------------------------------------------------------------------------

F47C: F1                 2118 |     POP PSW ;(A) <-- (FCB + 12)
F47D: 77                 2119 |     MOV M,A ;
F47E: 79                 2120 |     MOV A,C ;
                         2121 | ;
                         2122 | ;   IF (FCB+12)=(DIR ENTRY+12) THEN (FCB+15) <-- (DIR ENTRY+15)
                         2123 | ;   IF (FCB+12)>(DIR ENTRY+12) THEN (FCB+15) <-- 80H
                         2124 | ;   IF (FCB+12)<(DIR ENTRY+12) THEN (FCB+15) <-- 00H
                         2125 | ;
F47F: BE                 2126 |     CMP M   ;
F480: 78                 2127 |     MOV A,B ;
F481: CA 8B F4           2128 |     JZ  OPENF2  ;
F484: 3E 00              2129 |     MVI A,00H   ;
F486: DA 8B F4           2130 |     JC  OPENF2  ;
F489: 3E 80              2131 |     MVI A,80H   ;
F48B: 2A 43 EF           2132 | OPENF2: LHLD    ENTPAR  ;ENTRY PARAMETER
F48E: 11 0F 00           2133 |     LXI D,15    ;
F491: 19                 2134 |     DAD D   ;
F492: 77                 2135 |     MOV M,A ;
F493: C9                 2136 |     RET     ;
                         2137 | ;
                         2138 | ;   SUBROUTINE CALLED WHILE CLOSING A BIG DISK
                         2139 | ;
                         2140 | ;   IF ((HL)) = 0 THEN ((HL)) <-- ((DE))
                         2141 | ;
F494: 7E                 2142 | CLOSE8: MOV A,M ;IS ((HL)) = 0?
F495: 23                 2143 |     INX H   ;
F496: B6                 2144 |     ORA M   ;
F497: 2B                 2145 |     DCX H   ;
F498: C0                 2146 |     RNZ     ;NO- RETURN AS IS
F499: 1A                 2147 |     LDAX    D   ;((HL)) IS 0, REPLACE WITH ((DE))
F49A: 77                 2148 |     MOV M,A ;
F49B: 13                 2149 |     INX D   ;
F49C: 23                 2150 |     INX H   ;
F49D: 1A                 2151 |     LDAX    D   ;
F49E: 77                 2152 |     MOV M,A ;
F49F: 1B                 2153 |     DCX D   ;
F4A0: 2B                 2154 |     DCX H   ;
F4A1: C9                 2155 |     RET     ;
                         2156 | ;
                         2157 | ;   CLOSE DISK FILE AFTER READING OR WRITING
                         2158 | ;
F4A2: AF                 2159 | CLOSEF: XRA A   ;CLOSE FILE
F4A3: 32 45 EF           2160 |     STA RETPAR  ;RETURN PARAMETER
F4A6: 32 EA F9           2161 |     STA BLCTR1  ;BLOCK COUNTER #1
F4A9: 32 EB F9           2162 |     STA BLCTR1+1    ;BLOCK COUNTER #1
F4AC: CD 1E F1           2163 |     CALL    GETRO   ;GET READ ONLY STATUS OF CURRENT DISK
F4AF: C0                 2164 |     RNZ     ;
F4B0: CD 69 F1           2165 |     CALL    FCB14   ;(HL) <-- FCB + 14, (A) <-- (FCB + 14)
F4B3: E6 80              2166 |     ANI 80H ;CHECK MSB OF (FCB+14)
F4B5: C0                 2167 |     RNZ     ;RETURN IF MSB SET
                         2168 | ;
F4B6: 0E 0F              2169 |     MVI C,0FH   ;15 BYTE SEARCH
F4B8: CD 18 F3           2170 |     CALL    SERCHF  ;SEARCH FOR FIRST OCCURENCE OF FILE NAME
F4BB: CD F5 F1           2171 |     CALL    CHKBC1  ;CHECK CONTENTS OF (BLCTR1)
F4BE: C8                 2172 |     RZ      ;
F4BF: 01 10 00           2173 |     LXI B,16    ;


Assembly Listing                                                                                                Page: 40
------------------------------------------------------------------------------------------------------------------------

F4C2: CD 5E F1           2174 |     CALL    DIRPTR  ;(HL) <-- (DIRBPT) + (DIROFF)
F4C5: 09                 2175 |     DAD B   ;
F4C6: EB                 2176 |     XCHG        ;
F4C7: 2A 43 EF           2177 |     LHLD    ENTPAR  ;ENTRY PARAMETER
F4CA: 09                 2178 |     DAD B   ;
                         2179 | ;
                         2180 | ;   (DE) <-- FCB + 16
                         2181 | ;   (HL) <-- (DIRBPT) + (DIROFF) + 16
                         2182 | ;   (C)  <-- COUNTER
                         2183 | ;
                         2184 | ;   CHECK TO SEE IF THE BLOCK NUMBERS IN ((HL)) OR ((DE))
                         2185 | ;   ARE EQUAL TO ZERO. IF ONE IS ZERO, IT IS SET TO THE
                         2186 | ;   VALUE OF THE OTHER. IF THE BLOCK NUMBERS ARE NOT
                         2187 | ;   EQUAL AFTER THIS, THERE IS AN ERROR.
                         2188 | ;
F4CB: 0E 10              2189 |     MVI C,10H   ;
F4CD: 3A DD F9           2190 | CLOSE1: LDA BIGDSK  ;8" SD: 0FFH, LARGE CAP DISK: 00H
F4D0: B7                 2191 |     ORA A   ;
F4D1: CA E8 F4           2192 |     JZ  CLOSE4  ;
                         2193 | ;
                         2194 | ;   CODE FOR 8" SD DISK
                         2195 | ;
F4D4: 7E                 2196 |     MOV A,M ;
F4D5: B7                 2197 |     ORA A   ;
F4D6: 1A                 2198 |     LDAX    D   ;
F4D7: C2 DB F4           2199 |     JNZ CLOSE2  ;
F4DA: 77                 2200 |     MOV M,A ;
F4DB: B7                 2201 | CLOSE2: ORA A   ;
F4DC: C2 E1 F4           2202 |     JNZ CLOSE3  ;
F4DF: 7E                 2203 |     MOV A,M ;
F4E0: 12                 2204 |     STAX    D   ;
F4E1: BE                 2205 | CLOSE3: CMP M   ;
F4E2: C2 1F F5           2206 |     JNZ CLOSE7  ;ERROR
F4E5: C3 FD F4           2207 |     JMP CLOSE5  ;OK
                         2208 | ;
                         2209 | ;   CODE FOR DISK > 255K
                         2210 | ;       EQUIVALENT TO CODE ABOVE
                         2211 | ;
F4E8: CD 94 F4           2212 | CLOSE4: CALL    CLOSE8  ;
F4EB: EB                 2213 |     XCHG        ;
F4EC: CD 94 F4           2214 |     CALL    CLOSE8  ;
F4EF: EB                 2215 |     XCHG        ;
F4F0: 1A                 2216 |     LDAX    D   ;
F4F1: BE                 2217 |     CMP M   ;
F4F2: C2 1F F5           2218 |     JNZ CLOSE7  ;ERROR
F4F5: 13                 2219 |     INX D   ;
F4F6: 23                 2220 |     INX H   ;
F4F7: 1A                 2221 |     LDAX    D   ;
F4F8: BE                 2222 |     CMP M   ;
F4F9: C2 1F F5           2223 |     JNZ CLOSE7  ;
F4FC: 0D                 2224 |     DCR C   ;
                         2225 | ;
                         2226 | ;   RESUME CODE COMMON TO ALL SIZES
                         2227 | ;
F4FD: 13                 2228 | CLOSE5: INX D   ;
F4FE: 23                 2229 |     INX H   ;


Assembly Listing                                                                                                Page: 41
------------------------------------------------------------------------------------------------------------------------

F4FF: 0D                 2230 |     DCR C   ;
F500: C2 CD F4           2231 |     JNZ CLOSE1  ;
                         2232 | ;
F503: 01 EC FF           2233 |     LXI B,-20   ;
F506: 09                 2234 |     DAD B   ;
F507: EB                 2235 |     XCHG        ;
F508: 09                 2236 |     DAD B   ;
                         2237 | ;   (DE)=   FCB+12
                         2238 | ;   (HL)=   DIR ENTRY+12
F509: 1A                 2239 |     LDAX    D   ;
F50A: BE                 2240 |     CMP M   ;
                         2241 | ;   IF (DIR ENTRY+12) <= (FCB+12) THEN (DIR ENTRY+15) <-- (FCB+15)
F50B: DA 17 F5           2242 |     JC  CLOSE6  ;
F50E: 77                 2243 |     MOV M,A ;
F50F: 01 03 00           2244 |     LXI B,03    ;
F512: 09                 2245 |     DAD B   ;
F513: EB                 2246 |     XCHG        ;
F514: 09                 2247 |     DAD B   ;
F515: 7E                 2248 |     MOV A,M ;
F516: 12                 2249 |     STAX    D   ;
                         2250 | ;
                         2251 | ;   OK EXIT:    DIRECTORY WRITTEN TO DISK
                         2252 | ;
F517: 3E FF              2253 | CLOSE6: MVI A,0FFH  ;
F519: 32 D2 F9           2254 |     STA MAKEFL  ;MAKE-FILE FLAG
F51C: C3 10 F4           2255 |     JMP MAKES2  ;EXIT VIA SET TRACK & SECTOR
                         2256 |             ;AND WRITE DIRECTORY TO DISK
                         2257 | ;
                         2258 | ;   ERROR EXIT: RETURN PARAMETER SET TO 0FFH
                         2259 | ;           MEANING THAT FILE CANNOT BE CLOSED
                         2260 | ;
F51F: 21 45 EF           2261 | CLOSE7: LXI H,RETPAR    ;RETURN PARAMETER <-- 0FFH
F522: 35                 2262 |     DCR M   ;
F523: C9                 2263 |     RET     ;
                         2264 | ;
                         2265 | ;   MAKE A NEW FILE ENTRY IN THE DIRECTORY
                         2266 | ;
F524: CD 54 F1           2267 | MAKEF:  CALL    INTRRO  ;INTEROGATE CURRENT R/O STATUS
F527: 2A 43 EF           2268 |     LHLD    ENTPAR  ;GET ENTRY PARAMETER
F52A: E5                 2269 |     PUSH    H   ;STASH IT
F52B: 21 AC F9           2270 |     LXI H,DMYFCB ;DUMMY FCB 0E5H
F52E: 22 43 EF           2271 |     SHLD    ENTPAR  ;ENTRY PARAMETER
                         2272 | ;
                         2273 | ;   SEARCH DISK DIRECTORY FOR AN ENTRY THAT
                         2274 | ;   STARTS WITH 0E5H. I.E. AN UNUSED SLOT
                         2275 | ;
F531: 0E 01              2276 |     MVI C,01H   ;1 BYTE MATCH
F533: CD 18 F3           2277 |     CALL    SERCHF  ;SEARCH FOR FIRST OCCURENCE OF FILE NAME
F536: CD F5 F1           2278 |     CALL    CHKBC1  ;CHECK CONTENTS OF (BLCTR1)
F539: E1                 2279 |     POP H   ;
F53A: 22 43 EF           2280 |     SHLD    ENTPAR  ;RESTORE ENTRY PARAMETER
F53D: C8                 2281 |     RZ      ;ERROR EXIT- COULD NOT FIND EMPTY SLOT
                         2282 | ;
F53E: EB                 2283 |     XCHG        ;
F53F: 21 0F 00           2284 |     LXI H,15    ;POINT TO FCB + 15 
F542: 19                 2285 |     DAD D   ;


Assembly Listing                                                                                                Page: 42
------------------------------------------------------------------------------------------------------------------------

F543: 0E 11              2286 |     MVI C,11H   ;17 BYTE COUNT
F545: AF                 2287 |     XRA A   ;(A) <-- 0
F546: 77                 2288 | MAKEF1: MOV M,A ;ZERO OUT FCB BYTES 15 THROUGH 32
F547: 23                 2289 |     INX H   ;       ^
F548: 0D                 2290 |     DCR C   ;       |
F549: C2 46 F5           2291 |     JNZ MAKEF1  ;---------------|
                         2292 | ;
F54C: 21 0D 00           2293 |     LXI H,13    ;ZERO OUT FCB BYTE 13
F54F: 19                 2294 |     DAD D   ;
F550: 77                 2295 |     MOV M,A ;
F551: CD 8C F1           2296 |     CALL    SWB1D1  ;
F554: CD FD F3           2297 |     CALL    MAKESR  ;MOVE FCB TO DIRECTORY BUFFER & WRITE
                         2298 |             ;DIRECTORY BUFFER TO DISK
F557: C3 78 F1           2299 |     JMP SET14   ;SET MSB OF FCB+14 & EXIT
                         2300 | ;
                         2301 | ;   OPEN NEXT FILE DIRECTORY EXTENT
                         2302 | ;
F55A: AF                 2303 | OPNNXT: XRA A   ;
F55B: 32 D2 F9           2304 |     STA MAKEFL  ;MAKE-FILE FLAG
F55E: CD A2 F4           2305 |     CALL    CLOSEF  ;CLOSE CURRENT EXTENT
F561: CD F5 F1           2306 |     CALL    CHKBC1  ;CHECK CONTENTS OF (BLCTR1)
F564: C8                 2307 |     RZ      ;ERROR EXIT...CANNOT CLOSE CURRENT EXT
                         2308 | ;
F565: 2A 43 EF           2309 |     LHLD    ENTPAR  ;ENTRY PARAMETER
F568: 01 0C 00           2310 |     LXI B,12    ;
F56B: 09                 2311 |     DAD B   ;POINT TO FCB+12 :: EXTENT BYTE
F56C: 7E                 2312 |     MOV A,M ;
F56D: 3C                 2313 |     INR A   ;INCREMENT EXTENT
F56E: E6 1F              2314 |     ANI 1FH ;
F570: 77                 2315 |     MOV M,A ;
F571: CA 83 F5           2316 |     JZ  OPNXT1  ; EXTENT > 31
F574: 47                 2317 |     MOV B,A ;
F575: 3A C5 F9           2318 |     LDA NLMASK  ;NULL BLOCK  MASK
F578: A0                 2319 |     ANA B   ;
F579: 21 D2 F9           2320 |     LXI H,MAKEFL ;MAKE-FILE FLAG
F57C: A6                 2321 |     ANA M   ;
F57D: CA 8E F5           2322 |     JZ  OPNXT2  ;
F580: C3 AC F5           2323 |     JMP OPNXT3  ;
                         2324 | ;
                         2325 | ;   EXTENT IN BYTE 12 WAS > 31
                         2326 | ;   INCREMENT 3RD LEVEL COUNTER
                         2327 | ;   IN LOWER NIBBLE OF BYTE 14
                         2328 | ;
F583: 01 02 00           2329 | OPNXT1: LXI B,02    ;
F586: 09                 2330 |     DAD B   ;(HL) <-- FCB + 14
F587: 34                 2331 |     INR M   ;
F588: 7E                 2332 |     MOV A,M ;
F589: E6 0F              2333 |     ANI 0FH ;
F58B: CA B6 F5           2334 |     JZ  OPNXT5  ;OVERFLOW ERROR
                         2335 | ;
F58E: 0E 0F              2336 | OPNXT2: MVI C,0FH   ;15 BYTE MATCH
F590: CD 18 F3           2337 |     CALL    SERCHF  ;SEARCH FOR FIRST OCCURENCE OF FILE NAME
F593: CD F5 F1           2338 |     CALL    CHKBC1  ;CHECK CONTENTS OF (BLCTR1)
F596: C2 AC F5           2339 |     JNZ OPNXT3  ;FILE NAME FOUND
F599: 3A D3 F9           2340 |     LDA RDWRFL  ;READ/WRITE FLAG:: 0FFH= READ/0= WRITE
F59C: 3C                 2341 |     INR A   ;


Assembly Listing                                                                                                Page: 43
------------------------------------------------------------------------------------------------------------------------

F59D: CA B6 F5           2342 |     JZ  OPNXT5  ;ERROR EXIT-TRYING TO OPEN NONEXISTENT
                         2343 |             ;EXTENT FOR READING
                         2344 | ;
F5A0: CD 24 F5           2345 |     CALL    MAKEF   ;MAKE NEW DIRECTORY ENTRY
F5A3: CD F5 F1           2346 |     CALL    CHKBC1  ;CHECK CONTENTS OF (BLCTR1)
F5A6: CA B6 F5           2347 |     JZ  OPNXT5  ;ERROR EXIT-COULD NOT OPEN NEW EXT
F5A9: C3 AF F5           2348 |     JMP OPNXT4  ;OK
                         2349 | ;
F5AC: CD 5A F4           2350 | OPNXT3: CALL    OPENF1  ;OPEN THE EXTENT
F5AF: CD BB F0           2351 | OPNXT4: CALL    UPDATE  ;UPDATE SECTOR COUNTERS
F5B2: AF                 2352 |     XRA A   ;SET OK FLAG
F5B3: C3 01 EF           2353 |     JMP EXIT1   ;STORE IT IN RETURN VALUE & EXIT
                         2354 | ;
                         2355 | ;   ERROR EXIT
                         2356 | ;
F5B6: CD 05 EF           2357 | OPNXT5: CALL    EXIT2   ;PUT 01 IN RETURN VALUE
F5B9: C3 78 F1           2358 |     JMP SET14   ;SET MSB OF FCB + 14 & EXIT
                         2359 | ;
                         2360 | ;   READ SECTOR TO MEMORY
                         2361 | ;
                         2362 | ;   THIS TANGLED PIECE OF CODE DOESN'T DO THE
                         2363 | ;   ACTUAL WRITING, JUST THE SETTING UP OF ALL
                         2364 | ;   KINDS OF FLAGS AND THINGS
                         2365 | ;
                         2366 | ;   ENTRY POINT FOR SEQUENTIAL READ:    RDSEQ
                         2367 | ;   ENTRY POINT FOR RANDOM READ:        RDSEQ1
                         2368 | ;
F5BC: 3E 01              2369 | RDSEQ:  MVI A,01H   ;READ SEQUENTIAL FILE
F5BE: 32 D5 F9           2370 |     STA SERNFL  ;SEQUENTIAL/RANDOM I/O FLAG
                         2371 | ;
F5C1: 3E FF              2372 | RDSEQ1: MVI A,0FFH  ;
F5C3: 32 D3 F9           2373 |     STA RDWRFL  ;READ/WRITE FLAG
F5C6: CD BB F0           2374 |     CALL    UPDATE  ;UPDATE SECTOR COUNTERS
F5C9: 3A E3 F9           2375 |     LDA CURREC  ;CURRENT RECORD:: FCB + 32
F5CC: 21 E1 F9           2376 |     LXI H,RECCTR    ;FILE RECORD COUNTER:: FCB + 15
F5CF: BE                 2377 |     CMP M   ;
F5D0: DA E6 F5           2378 |     JC  RDSEQ2  ;
F5D3: FE 80              2379 |     CPI 80H ;
F5D5: C2 FB F5           2380 |     JNZ RDSEQ3  ;
F5D8: CD 5A F5           2381 |     CALL    OPNNXT  ;
F5DB: AF                 2382 |     XRA A   ;
F5DC: 32 E3 F9           2383 |     STA CURREC  ;CURRENT RECORD:: FCB + 32
F5DF: 3A 45 EF           2384 |     LDA RETPAR  ;RETURN PARAMETER
F5E2: B7                 2385 |     ORA A   ;
F5E3: C2 FB F5           2386 |     JNZ RDSEQ3  ;
F5E6: CD 77 F0           2387 | RDSEQ2: CALL    SETSC1  ;
F5E9: CD 84 F0           2388 |     CALL    CHKSC1  ;
F5EC: CA FB F5           2389 |     JZ  RDSEQ3  ;
F5EF: CD 8A F0           2390 |     CALL    COMSEC  ;COMPUTE SECTOR NUMBER
F5F2: CD D1 EF           2391 |     CALL    TRSEC1  ;
F5F5: CD B2 EF           2392 |     CALL    RDSECT  ;
F5F8: C3 D2 F0           2393 |     JMP RWEXIT  ;
                         2394 | ;
F5FB: C3 05 EF           2395 | RDSEQ3: JMP EXIT2   ;
                         2396 | ;
                         2397 | ;   WRITE SEQUENTIAL SECTOR


Assembly Listing                                                                                                Page: 44
------------------------------------------------------------------------------------------------------------------------

                         2398 | ;
                         2399 | ;   ENTRY POINT FOR SEQUENTIAL WRITE:   WRSEQ
                         2400 | ;   ENTRY POINT FOR RANDOM WRITE:       WRSEQ1
                         2401 | ;   SERNFL= 00H FOR RANDOM WRITE (COM34)
                         2402 | ;         = 02H FOR FILL RANDOM  (COM40)
                         2403 | ;
F5FE: 3E 01              2404 | WRSEQ:  MVI A,01H   ;WRITE SEQUENTIAL FILE
F600: 32 D5 F9           2405 |     STA SERNFL  ;SEQUENTIAL/RANDOM I/O FLAG
                         2406 | ;
F603: 3E 00              2407 | WRSEQ1: MVI A,00H   ;
F605: 32 D3 F9           2408 |     STA RDWRFL  ;READ/WRITE FLAG
F608: CD 54 F1           2409 |     CALL    INTRRO  ;INTEROGATE CURRENT R/O STATUS
F60B: 2A 43 EF           2410 |     LHLD    ENTPAR  ;ENTRY PARAMETER
F60E: CD 47 F1           2411 |     CALL    CHKRO1  ;
F611: CD BB F0           2412 |     CALL    UPDATE  ;UPDATE SECTOR COUNTERS
F614: 3A E3 F9           2413 |     LDA CURREC  ;CURRENT RECORD:: FCB + 32
F617: FE 80              2414 |     CPI 80H ;
F619: D2 05 EF           2415 |     JNC EXIT2   ;
F61C: CD 77 F0           2416 |     CALL    SETSC1  ;
F61F: CD 84 F0           2417 |     CALL    CHKSC1  ;
F622: 0E 00              2418 |     MVI C,00H   ;
F624: C2 6E F6           2419 |     JNZ WRSEQ6  ;
F627: CD 3E F0           2420 |     CALL    BLPNTR  ;
F62A: 32 D7 F9           2421 |     STA BLKOFF  ;TEMPORARY STORAGE
F62D: 01 00 00           2422 |     LXI B,0000H ;
F630: B7                 2423 |     ORA A   ;
F631: CA 3B F6           2424 |     JZ  WRSEQ2  ;
F634: 4F                 2425 |     MOV C,A ;
F635: 0B                 2426 |     DCX B   ;
F636: CD 5E F0           2427 |     CALL    GETBLN  ;GET BLOCK NUMBER IN (HL)
F639: 44                 2428 |     MOV B,H ;
F63A: 4D                 2429 |     MOV C,L ;(BC) <-- BLOCK NUMBER
F63B: CD BE F3           2430 | WRSEQ2: CALL    WRSUB   ;
F63E: 7D                 2431 |     MOV A,L ;
F63F: B4                 2432 |     ORA H   ;
F640: C2 48 F6           2433 |     JNZ WRSEQ3  ;
F643: 3E 02              2434 |     MVI A,02H   ;#2 ERROR- END OF DISK DATA
F645: C3 01 EF           2435 |     JMP EXIT1   ;ERROR EXIT
                         2436 | ;
F648: 22 E5 F9           2437 | WRSEQ3: SHLD    SCNTR1  ;SECTOR COUNTER #1
F64B: EB                 2438 |     XCHG        ;
F64C: 2A 43 EF           2439 |     LHLD    ENTPAR  ;ENTRY PARAMETER
F64F: 01 10 00           2440 |     LXI B,16    ;
F652: 09                 2441 |     DAD B   ;
F653: 3A DD F9           2442 |     LDA BIGDSK  ;8" SD: 0FFH, LARGE CAP DISK: 00H
F656: B7                 2443 |     ORA A   ;
F657: 3A D7 F9           2444 |     LDA BLKOFF  ;TEMPORARY STORAGE
F65A: CA 64 F6           2445 |     JZ  WRSEQ4  ;
                         2446 | ;
                         2447 | ;   CODE FOR 8" S.D. SMALL DISK
                         2448 | ;
F65D: CD 64 F1           2449 |     CALL    ADA2HL  ;(HL) <-- (HL) + (A)
F660: 73                 2450 |     MOV M,E ;STORE BLOCK NUMBER
F661: C3 6C F6           2451 |     JMP WRSEQ5  ;
                         2452 | ;
                         2453 | ;   CODE FOR BIG DISK


Assembly Listing                                                                                                Page: 45
------------------------------------------------------------------------------------------------------------------------

                         2454 | ;
F664: 4F                 2455 | WRSEQ4: MOV C,A ;
F665: 06 00              2456 |     MVI B,00H   ;
F667: 09                 2457 |     DAD B   ;
F668: 09                 2458 |     DAD B   ;POINT TO SLOT
F669: 73                 2459 |     MOV M,E ;
F66A: 23                 2460 |     INX H   ;
F66B: 72                 2461 |     MOV M,D ;STORE BLOCK NUMBER
                         2462 | ;
                         2463 | ;   RESUME CODE COMMON TO ALL DISKS
                         2464 | ;
F66C: 0E 02              2465 | WRSEQ5: MVI C,02H   ;
F66E: 3A 45 EF           2466 | WRSEQ6: LDA RETPAR  ;RETURN PARAMETER
F671: B7                 2467 |     ORA A   ;
F672: C0                 2468 |     RNZ     ;
F673: C5                 2469 |     PUSH    B   ;
F674: CD 8A F0           2470 |     CALL    COMSEC  ;COMPUTE SECTOR NUMBER
F677: 3A D5 F9           2471 |     LDA SERNFL  ;SEQUENTIAL/RANDOM I/O FLAG
F67A: 3D                 2472 |     DCR A   ;CHECK TO SEE IF (SERNFL)= 2
F67B: 3D                 2473 |     DCR A   ;
F67C: C2 BB F6           2474 |     JNZ WRSEQ9  ;NO-
                         2475 | ;
                         2476 | ;   (SERNFL) IS SET = 2 ONLY BY UNDOCUMENTED COMMAND #40
                         2477 | ;   THE FOLLOWING CODE WRITES 0'S TO THE DIRECTORY
                         2478 | ;   SECTOR, THEN WRITES THE SECTOR TO DISK
                         2479 | ;
F67F: C1                 2480 |     POP B   ;
F680: C5                 2481 |     PUSH    B   ;
F681: 79                 2482 |     MOV A,C ;CHECK TO SEE IF (C)= 2, WHICH IT
                         2483 |             ;ALWAYS IS, BECAUSE IT WAS SET
                         2484 |             ;JUST 12 COMMANDS BACK. MORE USELESS
                         2485 |             ;CODE!
F682: 3D                 2486 |     DCR A   ;
F683: 3D                 2487 |     DCR A   ;
F684: C2 BB F6           2488 |     JNZ WRSEQ9  ;(THIS WILLNEVER HAPPEN)
F687: E5                 2489 |     PUSH    H   ;
                         2490 | ;
                         2491 | ;   FILL ((DIRBPT)) WITH 128 0'S
                         2492 | ;
F688: 2A B9 F9           2493 |     LHLD    DIRBPT  ;DIRECTORY BUFFER POINTER
F68B: 57                 2494 |     MOV D,A ;(D) <-- 0
F68C: 77                 2495 | WRSEQ7: MOV M,A ;((HL)) <-- 0
F68D: 23                 2496 |     INX H   ;
F68E: 14                 2497 |     INR D   ;
F68F: F2 8C F6           2498 |     JP  WRSEQ7  ;
                         2499 | ;
                         2500 | ;   WRITE BLANKED SECTOR TO DISK
                         2501 | ;   UNTIL ENTIRE 1K BLOCK HAS BEEN
                         2502 | ;   WRITTEN.
                         2503 | ;
F692: CD E0 F1           2504 |     CALL    DIRDMA  ;SET DMA FOR DIRECTORY READ/WRITE
F695: 2A E7 F9           2505 |     LHLD    SCNTR2  ;SECTOR COUNTER #2
F698: 0E 02              2506 |     MVI C,02H   ;
F69A: 22 E5 F9           2507 | WRSEQ8: SHLD    SCNTR1  ;SECTOR COUNTER #1
F69D: C5                 2508 |     PUSH    B   ;
F69E: CD D1 EF           2509 |     CALL    TRSEC1  ;


Assembly Listing                                                                                                Page: 46
------------------------------------------------------------------------------------------------------------------------

F6A1: C1                 2510 |     POP B   ;
F6A2: CD B8 EF           2511 |     CALL    WRSECT  ;
F6A5: 2A E5 F9           2512 |     LHLD    SCNTR1  ;SECTOR COUNTER #1
F6A8: 0E 00              2513 |     MVI C,00H   ;
F6AA: 3A C4 F9           2514 |     LDA BLMASK  ;DISK BLOCK MASK
F6AD: 47                 2515 |     MOV B,A ;
F6AE: A5                 2516 |     ANA L   ;
F6AF: B8                 2517 |     CMP B   ;
F6B0: 23                 2518 |     INX H   ;
F6B1: C2 9A F6           2519 |     JNZ WRSEQ8  ;
F6B4: E1                 2520 |     POP H   ;
F6B5: 22 E5 F9           2521 |     SHLD    SCNTR1  ;SECTOR COUNTER #1
F6B8: CD DA F1           2522 |     CALL    DIRD1   ;GET BACK INITIAL SECTOR OF THE 1K
                         2523 |             ;BLOCK, AND PREPARE TO WRITE IT
                         2524 |             ;BACK TO DISK (FOR REASONS UNKNOWN)
                         2525 | ;
F6BB: CD D1 EF           2526 | WRSEQ9: CALL    TRSEC1  ;SET UP THE TRACK & SECTOR IN BIOS
F6BE: C1                 2527 |     POP B   ;
F6BF: C5                 2528 |     PUSH    B   ;
F6C0: CD B8 EF           2529 |     CALL    WRSECT  ;DO THE ACTUAL WRITING OF THE SECTOR
F6C3: C1                 2530 |     POP B   ;
F6C4: 3A E3 F9           2531 |     LDA CURREC  ;CURRENT RECORD:: FCB + 32
F6C7: 21 E1 F9           2532 |     LXI H,RECCTR    ;FILE RECORD COUNTER: FCB + 15
F6CA: BE                 2533 |     CMP M   ;CHECK TO SEE IF BEYOND END OF EXTENT
F6CB: DA D2 F6           2534 |     JC  WRSE10  ;NOT BEYOND END- SKIP
F6CE: 77                 2535 |     MOV M,A ;AT OR BEYOND-
F6CF: 34                 2536 |     INR M   ;  INCREMENT RECORD COUNTER
F6D0: 0E 02              2537 |     MVI C,02H   ;  ??
                         2538 | ;
                         2539 | ;   THE FOLLOWING 5 BYTES ARE NOT NEEDED; HOWEVER
                         2540 | ;   THEY MAY BE THERE TO ALLOW CUSTOMIZERS TO INSERT
                         2541 | ;   SOMETHING WITHOUT A COMPLETE REASSEMBLY.
                         2542 | ;   Otherwise, your guess is as good as mine.
                         2543 | ;
F6D2: 00                 2544 | WRSE10: NOP     ;A blank-
F6D3: 00                 2545 |     NOP     ;       and another blank.
F6D4: 21 06 EC           2546 |     LXI H,BDOS  ;Don't know what this is for.
                         2547 | ;
F6D7: F5                 2548 |     PUSH    PSW ;
F6D8: CD 69 F1           2549 |     CALL    FCB14   ;(HL) <-- FCB + 14, (A) <-- (FCB + 14)
F6DB: E6 7F              2550 |     ANI 7FH ;RESET MSB OF FCB + 14
F6DD: 77                 2551 |     MOV M,A ;
F6DE: F1                 2552 |     POP PSW ;
F6DF: FE 7F              2553 |     CPI 7FH ;HAVE WE JUST WRITTEN THE LAST SECTOR
                         2554 |             ;IN THE CURRENT EXTENT?
F6E1: C2 00 F7           2555 |     JNZ WRSE12  ;NO-
F6E4: 3A D5 F9           2556 |     LDA SERNFL  ;LOAD THE SEQUENTIAL/RANDOM I/O FLAG
F6E7: FE 01              2557 |     CPI 01H ;IS THIS A SEQUENTIAL WRITE?
F6E9: C2 00 F7           2558 |     JNZ WRSE12  ;NOPE-
F6EC: CD D2 F0           2559 |     CALL    RWEXIT  ;YEP- CLOSE OUT THE CURRENT EXTENT
F6EF: CD 5A F5           2560 |     CALL    OPNNXT  ;     AND GO ABOUT MAKING A NEW ONE
F6F2: 21 45 EF           2561 |     LXI H,RETPAR    ;RETURN PARAMETER
F6F5: 7E                 2562 |     MOV A,M ;
F6F6: B7                 2563 |     ORA A   ;
F6F7: C2 FE F6           2564 |     JNZ WRSE11  ;
F6FA: 3D                 2565 |     DCR A   ;


Assembly Listing                                                                                                Page: 47
------------------------------------------------------------------------------------------------------------------------

F6FB: 32 E3 F9           2566 |     STA CURREC  ;CURRENT RECORD:: FCB + 32
F6FE: 36 00              2567 | WRSE11: MVI M,00H   ;
F700: C3 D2 F0           2568 | WRSE12: JMP RWEXIT  ;
                         2569 | ;
                         2570 | ;   SET PARAMETERS FOR RANDOM READ OR WRITE
                         2571 | ;
                         2572 | ;   ENTRY PARAMETER:    (C)=00H  WHEN CALLED BY RDRAND
                         2573 | ;               (C)=0FFH WHEN CALLED BY WRRAND
                         2574 | ;   EXIT PARAMETER:     (A)=00 AND ZFLAG RESET-- OK
                         2575 | ;               (RETPAR)<>0 & ZFLAG SET- ERROR
                         2576 | ;
                         2577 | ;   THE ENTRY PARAMETER IS PASSED THROUGH UNUSED,
                         2578 | ;   AND INSPECTION OF WRSEQ1 AND RDSEQ1 DOES NOT
                         2579 | ;   REVEAL ANY USE OF THE PARAMETER. THIS MAY BE
                         2580 | ;   A LEFTOVER FROM CP/M 1.4 WHEN THERE WAS ONE CALL
                         2581 | ;   FOR READING OR WRITING A SECTOR, WITH THE 
                         2582 | ;   DESIRED ACTION BEING SPECIFIED BY (C).
                         2583 | ;
F703: AF                 2584 | SETRND: XRA A   ;
F704: 32 D5 F9           2585 |     STA SERNFL  ;SEQUENTIAL/RANDOM I/O FLAG
F707: C5                 2586 | SETRN1: PUSH    B   ;
F708: 2A 43 EF           2587 |     LHLD    ENTPAR  ;ENTRY PARAMETER
F70B: EB                 2588 |     XCHG        ;
F70C: 21 21 00           2589 |     LXI H,33    ;
F70F: 19                 2590 |     DAD D   ;
F710: 7E                 2591 |     MOV A,M ;
F711: E6 7F              2592 |     ANI 7FH ;(A) <-- (FCB+32).AND.7FH
F713: F5                 2593 |     PUSH    PSW ;
F714: 7E                 2594 |     MOV A,M ;
F715: 17                 2595 |     RAL     ;CFLAG <-- MSB(FCB+32)
F716: 23                 2596 |     INX H   ;
F717: 7E                 2597 |     MOV A,M ;
F718: 17                 2598 |     RAL     ;LSB(FCB+33) <-- CFLAG
F719: E6 1F              2599 |     ANI 1FH ;
F71B: 4F                 2600 |     MOV C,A ;
F71C: 7E                 2601 |     MOV A,M ;
F71D: 1F                 2602 |     RAR     ;
F71E: 1F                 2603 |     RAR     ;
F71F: 1F                 2604 |     RAR     ;
F720: 1F                 2605 |     RAR     ;
F721: E6 0F              2606 |     ANI 0FH ;
F723: 47                 2607 |     MOV B,A ;
F724: F1                 2608 |     POP PSW ;
F725: 23                 2609 |     INX H   ;POINT TO FCB+35, OVERFLOW BYTE
F726: 6E                 2610 |     MOV L,M ;
F727: 2C                 2611 |     INR L   ;
F728: 2D                 2612 |     DCR L   ;SET FLAGS (8080 DOES NOT HAVE BIT OPCODE)
F729: 2E 06              2613 |     MVI L,06H   ;#6 ERROR- SEEK PAST END OF DISK
F72B: C2 8B F7           2614 |     JNZ SETRN5  ;
F72E: 21 20 00           2615 |     LXI H,32    ;
F731: 19                 2616 |     DAD D   ;
F732: 77                 2617 |     MOV M,A ;
F733: 21 0C 00           2618 |     LXI H,12    ;
F736: 19                 2619 |     DAD D   ;
F737: 79                 2620 |     MOV A,C ;
F738: 96                 2621 |     SUB M   ;


Assembly Listing                                                                                                Page: 48
------------------------------------------------------------------------------------------------------------------------

F739: C2 47 F7           2622 |     JNZ SETRN2  ;
F73C: 21 0E 00           2623 |     LXI H,14    ;
F73F: 19                 2624 |     DAD D   ;
F740: 78                 2625 |     MOV A,B ;
F741: 96                 2626 |     SUB M   ;
F742: E6 7F              2627 |     ANI 7FH ;
F744: CA 7F F7           2628 |     JZ  SETRN3  ;
F747: C5                 2629 | SETRN2: PUSH    B   ;
F748: D5                 2630 |     PUSH    D   ;
F749: CD A2 F4           2631 |     CALL    CLOSEF  ;CLOSE FILE
F74C: D1                 2632 |     POP D   ;
F74D: C1                 2633 |     POP B   ;
F74E: 2E 03              2634 |     MVI L,03H   ;
F750: 3A 45 EF           2635 |     LDA RETPAR  ;RETURN PARAMETER
F753: 3C                 2636 |     INR A   ;
F754: CA 84 F7           2637 |     JZ  SETRN4  ;
F757: 21 0C 00           2638 |     LXI H,12    ;
F75A: 19                 2639 |     DAD D   ;
F75B: 71                 2640 |     MOV M,C ;
F75C: 21 0E 00           2641 |     LXI H,14    ;
F75F: 19                 2642 |     DAD D   ;
F760: 70                 2643 |     MOV M,B ;
F761: CD 51 F4           2644 |     CALL    OPENF   ;OPEN FILE
F764: 3A 45 EF           2645 |     LDA RETPAR  ;RETURN PARAMETER
F767: 3C                 2646 |     INR A   ;
F768: C2 7F F7           2647 |     JNZ SETRN3  ;
F76B: C1                 2648 |     POP B   ;
F76C: C5                 2649 |     PUSH    B   ;
F76D: 2E 04              2650 |     MVI L,04H   ;#4 ERROR- SEEK TO UNWRITTEN EXTENT
F76F: 0C                 2651 |     INR C   ;
F770: CA 84 F7           2652 |     JZ  SETRN4  ;
F773: CD 24 F5           2653 |     CALL    MAKEF   ;MAKE NEW DIRECTORY ENTRY
F776: 2E 05              2654 |     MVI L,05H   ;#5 ERROR- CANNOT OPEN NEW DIR EXTENT
F778: 3A 45 EF           2655 |     LDA RETPAR  ;RETURN PARAMETER
F77B: 3C                 2656 |     INR A   ;
F77C: CA 84 F7           2657 |     JZ  SETRN4  ;
F77F: C1                 2658 | SETRN3: POP B   ;GET BACK ENTRY PARAMETER
F780: AF                 2659 |     XRA A   ;CLEAR RETURN PARAMETER
F781: C3 01 EF           2660 |     JMP EXIT1   ;OK EXIT
                         2661 | ;
F784: E5                 2662 | SETRN4: PUSH    H   ;
F785: CD 69 F1           2663 |     CALL    FCB14   ;(HL) <-- FCB + 14, (A) <-- (FCB + 14)
F788: 36 C0              2664 |     MVI M,0C0H  ;???????
F78A: E1                 2665 |     POP H   ;
F78B: C1                 2666 | SETRN5: POP B   ;GET BACK ENTRY PARAMETER
F78C: 7D                 2667 |     MOV A,L ;
F78D: 32 45 EF           2668 |     STA RETPAR  ;STORE ERROR # IN RETURN PARAMETER
F790: C3 78 F1           2669 |     JMP SET14   ;ERROR EXIT W/ MSB OF (FCB+14) SET
                         2670 | ;
                         2671 | ;   READ RANDOM SECTOR
                         2672 | ;
F793: 0E FF              2673 | RDRAND: MVI C,0FFH  ;SET PARAMETER FOR SETRND (USELESS)
F795: CD 03 F7           2674 |     CALL    SETRND  ;
F798: CC C1 F5           2675 |     CZ  RDSEQ1  ;IF OK CALL, ELSE DROP THROUGH
F79B: C9                 2676 |     RET     ;
                         2677 | ;


Assembly Listing                                                                                                Page: 49
------------------------------------------------------------------------------------------------------------------------

                         2678 | ;   WRITE RANDOM SECTOR
                         2679 | ;
F79C: 0E 00              2680 | WRRAND: MVI C,00H   ;SET PARAMETER FOR SETRND (USELESS)
F79E: CD 03 F7           2681 |     CALL    SETRND  ;
F7A1: CC 03 F6           2682 |     CZ  WRSEQ1  ;IF OK CALL, ELSE DROP THROUGH
F7A4: C9                 2683 |     RET     ;
                         2684 | ;
                         2685 | ;   COMPUTE ABSOLUTE SECTOR NUMBER FOR FSIZE & COM36
                         2686 | ;
                         2687 | ;ENTRY PARAMETERS:
                         2688 | ;       WHEN CALLED  BY FSIZE
                         2689 | ;       (HL)= POINTER TO CURRENT ENTRY IN DIRECTORY
                         2690 | ;             BUFFER.
                         2691 | ;       (DE)= 15. OFFSET TO DIRECTORY RECORD COUNTER
                         2692 | ;
                         2693 | ;       WHEN CALLED BY COM36
                         2694 | ;       (HL)= POINTER TO  FCB, I.E. (ENTPAR)
                         2695 | ;       (DE)= 32. OFFSET TO RANDOM READ/WRITE COUNTER
                         2696 | ;
                         2697 | ;ON EXIT:
                         2698 | ;       REGISTERS A,B & C HOLD TRIPLE PRECISION SECTOR
                         2699 | ;       NUMBER IN THE FOLLOWING FORMAT:
                         2700 | ;           (C) LOW ORDER BYTE
                         2701 | ;           (B) HIGH ORDER BYTE
                         2702 | ;           (A) OVERFLOW
                         2703 | ;
                         2704 | ;   (A) (B) (C) <-- (BYTE14).AND.0FH*2^12+(BYTE12).AND.1FH*2^7+(BYTE32)or(BYTE15)
                         2705 | ;
F7A5: EB                 2706 | RNDPAR: XCHG        ;
F7A6: 19                 2707 |     DAD D   ;
F7A7: 4E                 2708 |     MOV C,M ;
F7A8: 06 00              2709 |     MVI B,00H   ;
F7AA: 21 0C 00           2710 |     LXI H,12    ;
F7AD: 19                 2711 |     DAD D   ;
F7AE: 7E                 2712 |     MOV A,M ;
F7AF: 0F                 2713 |     RRC     ;
F7B0: E6 80              2714 |     ANI 80H ;
F7B2: 81                 2715 |     ADD C   ;
F7B3: 4F                 2716 |     MOV C,A ;(C) <-- ((HL)+(C))+(BYTE12)SHL7
                         2717 |             ;LOW ORDER BYTE
F7B4: 3E 00              2718 |     MVI A,00H   ;
F7B6: 88                 2719 |     ADC B   ;
F7B7: 47                 2720 |     MOV B,A ;SAVE POSSIBLE CARRY BIT IN (B)
F7B8: 7E                 2721 |     MOV A,M ;
F7B9: 0F                 2722 |     RRC     ;
F7BA: E6 0F              2723 |     ANI 0FH ;
F7BC: 80                 2724 |     ADD B   ;
F7BD: 47                 2725 |     MOV B,A ;
F7BE: 21 0E 00           2726 |     LXI H,14    ;
F7C1: 19                 2727 |     DAD D   ;
F7C2: 7E                 2728 |     MOV A,M ;(A) <-- (BYTE14)
F7C3: 87                 2729 |     ADD A   ;*2
F7C4: 87                 2730 |     ADD A   ; *4
F7C5: 87                 2731 |     ADD A   ;  *8
F7C6: 87                 2732 |     ADD A   ;   *16
F7C7: F5                 2733 |     PUSH    PSW ;SAVE FLAGS FOR POSSIBLE OVERFLOW


Assembly Listing                                                                                                Page: 50
------------------------------------------------------------------------------------------------------------------------

F7C8: 80                 2734 |     ADD B   ;
F7C9: 47                 2735 |     MOV B,A ;(B) <-- (BYTE14)SHL4+(BYTE12).AND.1FHSHR1
                         2736 |             ;HIGH ORDER BYTE
F7CA: F5                 2737 |     PUSH    PSW ;
F7CB: E1                 2738 |     POP H   ;(L) <-- FLAGS
F7CC: 7D                 2739 |     MOV A,L ;(A) <-- FLAGS
F7CD: E1                 2740 |     POP H   ;(L) <-- FLAGS AGAIN
F7CE: B5                 2741 |     ORA L   ;.OR. THEM TOGETHER
F7CF: E6 01              2742 |     ANI 01H ;MASK OFF ALL BUT CARRY BIT IN
                         2743 |             ;OVERFLOW BYTE.
F7D1: C9                 2744 |     RET     ;
                         2745 | ;
                         2746 | ;   SET FILE SIZE
                         2747 | ;
                         2748 | ;   SEE NOTES AT HEAD OF BDOS COMMAND #35
                         2749 | ;
F7D2: 0E 0C              2750 | FSIZE:  MVI C,0CH   ;COMPUTE FILE SIZE
F7D4: CD 18 F3           2751 |     CALL    SERCHF  ;SEARCH FOR FIRST OCCURENCE OF FILE NAME
F7D7: 2A 43 EF           2752 |     LHLD    ENTPAR  ;ENTRY PARAMETER
F7DA: 11 21 00           2753 |     LXI D,33    ;
F7DD: 19                 2754 |     DAD D   ;
F7DE: E5                 2755 |     PUSH    H   ;
F7DF: 72                 2756 |     MOV M,D ;(FCB+33) <-- 00H
F7E0: 23                 2757 |     INX H   ;
F7E1: 72                 2758 |     MOV M,D ;(FCB+34) <-- 00H
F7E2: 23                 2759 |     INX H   ;
F7E3: 72                 2760 |     MOV M,D ;(FCB+35) <-- 00H
F7E4: CD F5 F1           2761 | FSIZE1: CALL    CHKBC1  ;CHECK CONTENTS OF (BLCTR1)
F7E7: CA 0C F8           2762 |     JZ  FSIZE3  ;EXIT LOOP- NO FILE NAME MATCH
F7EA: CD 5E F1           2763 |     CALL    DIRPTR  ;(HL) <-- (DIRBPT) + (DIROFF)
F7ED: 11 0F 00           2764 |     LXI D,15    ;OFFSET TO RECORD COUNTER
F7F0: CD A5 F7           2765 |     CALL    RNDPAR  ;GET ABSOLUTE SECTOR NUMBER IN (A)(B)(C)
F7F3: E1                 2766 |     POP H   ;
F7F4: E5                 2767 |     PUSH    H   ;
                         2768 | ;
                         2769 | ;   IF (A)(B)(C) > (FCB35)(FCB34)(FCB33) THEN \
                         2770 | ;       (FCB35)(FCB34)(FCB33) <-- (A)(B)(C)
                         2771 | ;
F7F5: 5F                 2772 |     MOV E,A ;
F7F6: 79                 2773 |     MOV A,C ;
F7F7: 96                 2774 |     SUB M   ;
F7F8: 23                 2775 |     INX H   ;
F7F9: 78                 2776 |     MOV A,B ;
F7FA: 9E                 2777 |     SBB M   ;
F7FB: 23                 2778 |     INX H   ;
F7FC: 7B                 2779 |     MOV A,E ;
F7FD: 9E                 2780 |     SBB M   ;(A)(B)(C) - (FCB35)(FCB34)(FCB33)
F7FE: DA 06 F8           2781 |     JC  FSIZE2  ;
F801: 73                 2782 |     MOV M,E ;(FCB33) <-- LOW ORDER BYTE
F802: 2B                 2783 |     DCX H   ;
F803: 70                 2784 |     MOV M,B ;(FCB34) <-- HIGH ORDER BYTE
F804: 2B                 2785 |     DCX H   ;
F805: 71                 2786 |     MOV M,C ;(FCB35) <-- OVERFLOW BYTE
F806: CD 2D F3           2787 | FSIZE2: CALL    SERCHN  ;SEARCH FOR NEXT OCCURENCE OF FILE NAME
F809: C3 E4 F7           2788 |     JMP FSIZE1  ;
                         2789 | ;


Assembly Listing                                                                                                Page: 51
------------------------------------------------------------------------------------------------------------------------

F80C: E1                 2790 | FSIZE3: POP H   ;
F80D: C9                 2791 |     RET     ;
                         2792 | ;
                         2793 | ;   BDOS COMMAND #36....SET RANDOM RECORD LENGTH
                         2794 | ;
                         2795 | ;   THIS PIECE OF CODE AUTOMATICALLY PRODUCES THE
                         2796 | ;   RANDOM RECORD POSITION OF A FILE THAT HAS BEEN
                         2797 | ;   READ OR WRITTEN TO UP TO THIS POINT.
                         2798 | ;
F80E: 2A 43 EF           2799 | COM36:  LHLD    ENTPAR  ;ENTRY PARAMETER
F811: 11 20 00           2800 |     LXI D,32    ;OFFSET TO RANDON R/W COUNTER
F814: CD A5 F7           2801 |     CALL    RNDPAR  ;GET ABSOLUTE SECTOR NUMBER OF
                         2802 |             ;CURRENT SECTOR NUMBER IN (A)(B)(C)
F817: 21 21 00           2803 |     LXI H,33    ;
F81A: 19                 2804 |     DAD D   ;
F81B: 71                 2805 |     MOV M,C ;(FCB33) <-- LOW ORDER BYTE
F81C: 23                 2806 |     INX H   ;
F81D: 70                 2807 |     MOV M,B ;(FCB34) <-- HIGH ORDER BYTE
F81E: 23                 2808 |     INX H   ;
F81F: 77                 2809 |     MOV M,A ;(FCB35) <-- OVERFLOW BYTE
F820: C9                 2810 |     RET     ;
                         2811 | ;
                         2812 | ;   HERE WE HAVE THE WAY THAT DISKS ARE LOGGED,
                         2813 | ;   AND A MISERABLE AND TANGLED BIT OF CODE IT IS.
                         2814 | ;   WE START HERE,  THEN JUMP TO LOGIN1 WHICH THEN
                         2815 | ;   FINISHES UP THE REST OF THE JOB.
                         2816 | ;   WHY THE HECK ISN'T THIS THING WRITTEN IN A
                         2817 | ;   STRAIGHT LINE? ANYBODY FOR STRUCTURED CODE??
                         2818 | ;
F821: 2A AF F9           2819 | LOGIN:  LHLD    LOGVEC  ;LOG IN VECTOR
F824: 3A 42 EF           2820 |     LDA CURDSK  ;
F827: 4F                 2821 |     MOV C,A ;
F828: CD EA F0           2822 |     CALL    SHRHLC  ;SHIFT (HL) RIGHT PER COUNT IN (C)
F82B: E5                 2823 |     PUSH    H   ;
F82C: EB                 2824 |     XCHG        ;
F82D: CD 59 EF           2825 |     CALL    SETDSK  ;SET UP DISK PARAMETERS
F830: E1                 2826 |     POP H   ;
F831: CC 47 EF           2827 |     CZ  SELERR  ;DISK SELECT ERROR
F834: 7D                 2828 |     MOV A,L ;LOG IN BIT IN LSB(A)
F835: 1F                 2829 |     RAR     ;CHECK TO SEE IF ON MAP
F836: D8                 2830 |     RC      ;OK- DISK ALREADY LOGGED IN
F837: 2A AF F9           2831 |     LHLD    LOGVEC  ;LOG IN VECTOR
F83A: 4D                 2832 |     MOV C,L ;
F83B: 44                 2833 |     MOV B,H ;
F83C: CD 0B F1           2834 |     CALL    SETVEC  ;NEW DISK- PUT ON THE MAP
F83F: 22 AF F9           2835 |     SHLD    LOGVEC  ;LOG IN VECTOR
F842: C3 A3 F2           2836 |     JMP LOGIN1  ;--SEE COMMENTS AT START--
                         2837 | ;
                         2838 | ;   BDOS COMMAND #14....SELECT DISK DRIVE
                         2839 | ;
                         2840 | ;   NOW IF THIS BLOCK OF CODE WERE TO BE MOVED
                         2841 | ;   AHEAD OF LOGIN, IT COULD JUST DROP IN WITHOUT
                         2842 | ;   A JUMP. COUPLED WITH THE COMMENTS ON LOGIN,
                         2843 | ;   WE CAN SEE WHY THIS CODE IS SO HARD TO FOLLOW.
                         2844 | ;
F845: 3A D6 F9           2845 | COM14:  LDA PARAM1  ;GET THE SELECTED DISK DRIVE NUMBER


Assembly Listing                                                                                                Page: 52
------------------------------------------------------------------------------------------------------------------------

F848: 21 42 EF           2846 |     LXI H,CURDSK ;
F84B: BE                 2847 |     CMP M   ;COMPARE TO CURRENT DISK NUMBER
F84C: C8                 2848 |     RZ      ;RETURN IF NO CHANGE NEEDED
F84D: 77                 2849 |     MOV M,A ;ELSE SET (CURDSK) TO NEW DRIVE
F84E: C3 21 F8           2850 |     JMP LOGIN   ; AND GO LOG IT IN
                         2851 | ;
                         2852 | ;   SET UP THE DISK PARAMETERS
                         2853 | ;
                         2854 | ;   ALL BDOS COMMANDS THAT USE THE DISKS MUST
                         2855 | ;   MAKE A PASS THROUGH THIS SUBROUTINE
                         2856 | ;
                         2857 | ;   NOTE:
                         2858 | ;       THE DIGITAL RESEARCH DOCUMENTATION DOES
                         2859 | ;       NOT MENTION WHAT IS DONE WITH THE USER
                         2860 | ;       NUMBER. WELL HERE IT IS.....
                         2861 | ;       THE USER NUMBER IS PUT INTO THE FIRST
                         2862 | ;       BYTE OF THE DIRECTORY ENTRY. USER 0
                         2863 | ;       IS THEREFORE COMPATIBLE WITH CP/M 1.4
                         2864 | ;       BUT HIGHER USER NUMBERS ARE NOT.
                         2865 | ;       TRY CREATING A DUMMY FILE WITH VARIOUS
                         2866 | ;       USER NUMBERS, THEN INSPECTING THE
                         2867 | ;       DIRECTORY TRACK WITH SPAT.
                         2868 | ;       THIS PIECE OF CODE PUTS THE CURRENT
                         2869 | ;       USER NUMBER INTO THE START OF THE
                         2870 | ;       FILE CONTROL BLOCK SO THAT A MATCH CAN
                         2871 | ;       BE MADE DURING DIRECTORY SEARCHES.
                         2872 | ;
F851: 3E FF              2873 | SETUP:  MVI A,0FFH  ;SET FLAG TO TELL BDOS2 THAT
F853: 32 DE F9           2874 |     STA SETUPF  ;  THE DISKS HAVE BEEN USED
F856: 2A 43 EF           2875 |     LHLD    ENTPAR  ;(HL) <-- ENTRY PARAMETER
F859: 7E                 2876 |     MOV A,M ;GET THE DISK NUMBER FROM FCB
F85A: E6 1F              2877 |     ANI 1FH ;DISK NUMBER TO BE IN RANGE OF
                         2878 |             ;0 TO 1FH. I.E. DRIVES A THROUGH P
F85C: 3D                 2879 |     DCR A   ;
F85D: 32 D6 F9           2880 |     STA PARAM1  ;STORE IT FOR SELDSK
F860: FE 1E              2881 |     CPI 1EH ;
F862: D2 75 F8           2882 |     JNC SETUP1  ;SKIP OVER- ACCESSING LOGGED IN DISK
                         2883 | ;
F865: 3A 42 EF           2884 |     LDA CURDSK  ;SAVE CURRENT DISK NUMBER IN
F868: 32 DF F9           2885 |     STA LOGDSK  ;LOGDSK FOR RESTORING ON EXIT
F86B: 7E                 2886 |     MOV A,M ;GET DISK NUMBER FROM FCB AGAIN
F86C: 32 E0 F9           2887 |     STA DISKNO  ;SAVE IT
                         2888 | ;
                         2889 | ;   THE REASON FOR SETTING THE UPPER 3 BITS OF
                         2890 | ;   (FCB+12) WITH THE UPPER 3 BITS OF THE DRIVE
                         2891 | ;   NUMBER BROUGHT IN IN THE ENTRY PARAMETER IS
                         2892 | ;   NOT DOCUMENTED. THIS MAY BE SOME SORT OF
                         2893 | ;   PASSWORD SECURITY SYSTEM
                         2894 | ;
F86F: E6 E0              2895 |     ANI 0E0H    ;KEEP UPPER 3 BITS
F871: 77                 2896 |     MOV M,A ; AND PUT THEM BACK IN FCB
F872: CD 45 F8           2897 |     CALL    COM14   ;SELECT DISK DRIVE
F875: 3A 41 EF           2898 | SETUP1: LDA USERNO  ;GET THE USER NUMBER
F878: 2A 43 EF           2899 |     LHLD    ENTPAR  ;GET THE ENTRY PARAMETER
                         2900 |             ;WHICH WAS ALREADY THERE
                         2901 |             ;ANOTHER EXAMPLE OF REDUNDANCY


Assembly Listing                                                                                                Page: 53
------------------------------------------------------------------------------------------------------------------------

F87B: B6                 2902 |     ORA M   ;COMBINE USER NUMBER W/ (FCB)
F87C: 77                 2903 |     MOV M,A ;MOVE INTO FIRST BYTE OF FCB
F87D: C9                 2904 |     RET     ;
                         2905 | ;
                         2906 | ;   BDOS COMMAND #12....RETURN THE CURRENT CP/M VERSION
                         2907 | ;
                         2908 | ;   THIS REPLACES A RETURN WITH 00 IN CP/M 1.4
                         2909 | ;   AND EARLIER. THIS IS USED BY CBASIC2 TO
                         2910 | ;   DETERMINE IF RANDOM READ/WRITE IS POSSIBLE.
                         2911 | ;
F87E: 3E 22              2912 | COM12:  MVI A,VER*16+REL    ;LOAD VERSION NUMBER
F880: C3 01 EF           2913 |     JMP EXIT1   ;MOVE IT TO RETURN PARAMETER & EXIT
                         2914 | ;
                         2915 | ;   BDOS COMMAND #13....RESET DISK SYSTEM
                         2916 | ;
F883: 21 00 00           2917 | COM13:  LXI H,0000H ;
F886: 22 AD F9           2918 |     SHLD    ROWORD  ;CLEAR READ ONLY WORD
F889: 22 AF F9           2919 |     SHLD    LOGVEC  ;  AND LOG IN VECTOR
F88C: AF                 2920 |     XRA A   ;CLEAR CURRENT DISK
F88D: 32 42 EF           2921 |     STA CURDSK  ;
F890: 21 80 00           2922 |     LXI H,DDMA  ;SET TO DEFAULT DMA ADDRESS
F893: 22 B1 F9           2923 |     SHLD    CURDMA  ;
F896: CD DA F1           2924 |     CALL    DIRD1   ;
F899: C3 21 F8           2925 |     JMP LOGIN   ;LOG-IN THE DISK & EXIT
                         2926 | ;
                         2927 | ;   BDOS COMMAND #14....OPEN FILE
                         2928 | ;
F89C: CD 72 F1           2929 | COM15:  CALL    ZRFCTR  ;ZERO OUT FCB COUNTER
F89F: CD 51 F8           2930 |     CALL    SETUP   ;SET UP DISK PARAMETERS
F8A2: C3 51 F4           2931 |     JMP OPENF   ;OPEN FILE & EXIT
                         2932 | ;
                         2933 | ;   BDOS COMMAND #14....CLOSE FILE
                         2934 | ;
F8A5: CD 51 F8           2935 | COM16:  CALL    SETUP   ;SET UP DISK PARAMETERS
F8A8: C3 A2 F4           2936 |     JMP CLOSEF  ;CLOSE FILE & EXIT
                         2937 | ;
                         2938 | ;   BDOS COMMAND #17....SEARCH FOR FIRST OCCURENCE
                         2939 | ;               OF FILENAME.EXT IN DIRECTORY
                         2940 | ;
F8AB: 0E 00              2941 | COM17:  MVI C,00H   ;
F8AD: EB                 2942 |     XCHG        ;
F8AE: 7E                 2943 |     MOV A,M ;
F8AF: FE 3F              2944 |     CPI '?' ;FIRST FCB BYTE A WILDCARD?
F8B1: CA C2 F8           2945 |     JZ  COM17A  ;
F8B4: CD A6 F0           2946 |     CALL    FCB12   ; (HL) <-- FCB + 12 , EXT BYTE PTR
F8B7: 7E                 2947 |     MOV A,M ;
F8B8: FE 3F              2948 |     CPI '?' ;EXTENT BYTE A WILDCARD?
F8BA: C4 72 F1           2949 |     CNZ ZRFCTR  ;ZERO OUT FCB COUNTER
F8BD: CD 51 F8           2950 |     CALL    SETUP   ;SET UP DISK PARAMETERS
F8C0: 0E 0F              2951 |     MVI C,0FH   ;15 BYTE SEARCH
F8C2: CD 18 F3           2952 | COM17A: CALL    SERCHF  ;SEARCH FOR FIRST OCCURENCE OF FILE NAME
F8C5: C3 E9 F1           2953 |     JMP MOVSEC  ;SECTOR MOVE ((CURDMA)) <-- ((DIRBPT))
                         2954 | ;
                         2955 | ;   BDOS COMMAND #18....SEARCH FOR NEXT OCCURERENCE
                         2956 | ;               OF FILENAME.EXT IN DIRECTORY.
                         2957 | ;


Assembly Listing                                                                                                Page: 54
------------------------------------------------------------------------------------------------------------------------

                         2958 | ;   PICKS UP POINTER TO FILE CONTROL BLOCK LEFT BY
                         2959 | ;   THE FIRST SEARCH. IF THERE HAS BEEN A USE OF
                         2960 | ;   THE DIRECTORY SEARCH BETWEEN THE FIRST CALL AND
                         2961 | ;   THIS ONE, WATCH OUT...CP/M IS NOT REENTRANT SO
                         2962 | ;   YOU MAY NOT HAVE WHAT YOU THINK YOU HAVE.
                         2963 | ;   OF PARTICULAR DANGER ARE READ AND WRITE OPERATIONS
                         2964 | ;   TO ANOTHER FILE BECAUSE THEY MAY HAVE TO OPEN UP
                         2965 | ;   NEW DIRECTORY EXTENTS WITHOUT YOUR KNOWING ABOUT IT.
                         2966 | ;
F8C8: 2A D9 F9           2967 | COM18:  LHLD    SRCHFP  ;SEARCH FCB POINTER, SET BY SERCHF
F8CB: 22 43 EF           2968 |     SHLD    ENTPAR  ;ENTRY PARAMETER
F8CE: CD 51 F8           2969 |     CALL    SETUP   ;
F8D1: CD 2D F3           2970 |     CALL    SERCHN  ;SEARCH FOR NEXT OCCURENCE OF FILE NAME
F8D4: C3 E9 F1           2971 |     JMP MOVSEC  ;SECTOR MOVE ((CURDMA)) <-- ((DIRBPT))
                         2972 | ;
                         2973 | ;   BDOS COMMAND  #19....DELETE A FILE FROM THE DISK
                         2974 | ;
F8D7: CD 51 F8           2975 | COM19:  CALL    SETUP   ;SET UP DISK PARAMETERS
F8DA: CD 9C F3           2976 |     CALL    DELETE  ;GO DELETE THE FILE
F8DD: C3 01 F3           2977 |     JMP EXIT3   ;MOVE SEARCH RESULT TO RETURN
                         2978 |             ;VALUE & EXIT
                         2979 | ;
                         2980 | ;   BDOS COMMAND #20....READ SECTOR FROM DISK TO MEMORY
                         2981 | ;
F8E0: CD 51 F8           2982 | COM20:  CALL    SETUP   ;SET UP DISK PARAMETERS
F8E3: C3 BC F5           2983 |     JMP RDSEQ   ;READ SEQUENTIAL FILE & EXIT
                         2984 | ;
                         2985 | ;   BDOS COMMAND #21....WRITE SECTOR FROM MEMORY TO DISK
                         2986 | ;
F8E6: CD 51 F8           2987 | COM21:  CALL    SETUP   ;SET UP DISK PARAMETERS
F8E9: C3 FE F5           2988 |     JMP WRSEQ   ;WRITE SEQUENTIAL FILE & EXIT
                         2989 | ;
                         2990 | ;   BDOS COMMAND #22....CREATE A NEW ENTRY IN DIRECTORY
                         2991 | ;
F8EC: CD 72 F1           2992 | COM22:  CALL    ZRFCTR  ;ZERO OUT FCB COUNTER
F8EF: CD 51 F8           2993 |     CALL    SETUP   ;SET UP DISK PARAMETERS
F8F2: C3 24 F5           2994 |     JMP MAKEF   ;MAKE NEW DIRECTORY ENTRY & EXIT
                         2995 | ;
                         2996 | ;   BDOS COMMAND #23....RENAME EXISTING FILE
                         2997 | ;
F8F5: CD 51 F8           2998 | COM23:  CALL    SETUP   ;SET UP DISK PARAMETERS
F8F8: CD 16 F4           2999 |     CALL    RENAME  ;DO THE RENAMING
F8FB: C3 01 F3           3000 |     JMP EXIT3   ;PUT MARKER IN RETURN VALUE & EXIT
                         3001 | ;
                         3002 | ;   BDOS COMMAND #24....RETURN LOG-IN VECTOR
                         3003 | ;
                         3004 | ;   LOG-IN VECTOR IS A 16 BIT WORD THAT SHOWS WHICH
                         3005 | ;   DRIVES HAVE BEEN LOGGED IN. LSB= DRIVE A,
                         3006 | ;   MSB= DRIVE P.
                         3007 | ;   
F8FE: 2A AF F9           3008 | COM24:  LHLD    LOGVEC  ;GET LOG IN VECTOR IN (HL)
F901: C3 29 F9           3009 |     JMP COM31A  ;PUT IT IN RETURN VALUE & EXIT
                         3010 | ;
                         3011 | ;   BDOS COMMAND #25....RETURN CURRENT DISK NUMBER
                         3012 | ;
F904: 3A 42 EF           3013 | COM25:  LDA CURDSK  ;GET CURRENT DISK NUMBER


Assembly Listing                                                                                                Page: 55
------------------------------------------------------------------------------------------------------------------------

F907: C3 01 EF           3014 |     JMP EXIT1   ;PUT IT IN RETURN VALUE & EXIT
                         3015 | ;
                         3016 | ;   BDOS COMMAND #26....SET CURRENT DMA ADDRESS
                         3017 | ;
F90A: EB                 3018 | COM26:  XCHG        ;MOVE ADDRESS INTO (HL)
F90B: 22 B1 F9           3019 |     SHLD    CURDMA  ;STORE IT
F90E: C3 DA F1           3020 |     JMP DIRD1   ;GO SET ADDRESS VIA BIOS CALL
                         3021 | ;
                         3022 | ;   BDOS COMMAND #27....INTEROGATE DISK ALLOCATION
                         3023 | ;
                         3024 | ;   BRINGS BACK ADDRESS OF START OF DISK ALLOCATION
                         3025 | ;   MAP. GENERALLY USED FOR DISK STATUS PROGRAMS
                         3026 | ;
F911: 2A BF F9           3027 | COM27:  LHLD    DALLOC  ;GET POINTER TO ALLOCATION MAP
F914: C3 29 F9           3028 |     JMP COM31A  ;STORE IN RETURN VALUE & EXIT
                         3029 | ;
                         3030 | ;   BDOS COMMAND #29....GET DISK WRITE PROTECT STATUS WORD
                         3031 | ;
                         3032 | ;   BRINGS BACK 16 BIT WORD. FORMAT IS SIMILAR TO
                         3033 | ;   LOG-IN VECTOR EXCEPT THAT A SET BIT MEANS
                         3034 | ;   THAT THE DISK IS READ ONLY
                         3035 | ;
F917: 2A AD F9           3036 | COM29:  LHLD    ROWORD  ;* GET R/O VECTOR ADDRESS
F91A: C3 29 F9           3037 |     JMP COM31A  ;STORE IN RETURN VALUE & EXIT
                         3038 | ;
                         3039 | ;   BDOS COMMAND #30....SET FILE ATTRIBUTES
                         3040 | ;
                         3041 | ;   USED TO SET A FILE TO READ ONLY, OR TO MAKE
                         3042 | ;   A SYSTEM FILE INVISIBLE TO DIRECTORY READS
                         3043 | ;
                         3044 | ;   ON ENTRY THE FILE CONTROL BLOCK CONTAINS THE
                         3045 | ;   FILENAME.EXT EXACTLY AS IT WILL GO INTO THE
                         3046 | ;   DIRECTORY. THIS MEANS THAT THE MSB OF BYTES
                         3047 | ;   T1 AND T2 MUST BE SET FOR R/O AND SYSTEM FILES.
                         3048 | ;   A FILE OF THE SAME NAME & EXT MUST ALREADY
                         3049 | ;   EXIST IN MEMORY.
                         3050 | ;
F91D: CD 51 F8           3051 | COM30:  CALL    SETUP   ;SET UP DISK PARAMETERS
F920: CD 3B F4           3052 |     CALL    ATTRIB  ;GO SET ATTRIBUTES
F923: C3 01 F3           3053 |     JMP EXIT3   ;STORE FLAG IN RETURN VALUE & EXIT
                         3054 | ;
                         3055 | ;   BDOS COMMAND #31....GET DISK PARAMETER ADDRESS
                         3056 | ;
                         3057 | ;   BRINGS BACK POINTER TO START OF 15 BYTE
                         3058 | ;   DISK PARAMETER BLOCK.
                         3059 | ;
F926: 2A BB F9           3060 | COM31:  LHLD    DPBLK   ;* GET DISK PARAMETER ADDRESS
F929: 22 45 EF           3061 | COM31A: SHLD    RETPAR  ;STORE IN RETURN PARAMETER
F92C: C9                 3062 |     RET     ;EXIT
                         3063 | ;
                         3064 | ;   BDOS COMMAND #32....SET/GET USER NUMBER
                         3065 | ;
                         3066 | ;   ENTRY PARAMETER IS CHECKED AND IF IT IS 0FFH
                         3067 | ;   THE CURRENT USER NUMBER IS RETURNED, ELSE
                         3068 | ;   VALUE OF THE ENTRY PARAMETER IS SET AS THE
                         3069 | ;   CURRENT USER NUMBER.


Assembly Listing                                                                                                Page: 56
------------------------------------------------------------------------------------------------------------------------

                         3070 | ;
F92D: 3A D6 F9           3071 | COM32:  LDA PARAM1  ;GET THE ENTRY PARAMETER
F930: FE FF              3072 |     CPI 0FFH    ;CHECK IT
F932: C2 3B F9           3073 |     JNZ SETUSR  ;NOT 0FFH- GO SET THE NUMBER
F935: 3A 41 EF           3074 |     LDA USERNO  ;IT IS 0FFH- GET THE USER NUMBER
F938: C3 01 EF           3075 |     JMP EXIT1   ;PUT IN RETURN VALUE & EXIT
                         3076 | ;
F93B: E6 1F              3077 | SETUSR: ANI 1FH ;NUMBER MUST BE IN THE RANGE
F93D: 32 41 EF           3078 |     STA USERNO  ;OF 00 TO 31
F940: C9                 3079 |     RET     ;EXIT
                         3080 | ;
                         3081 | ;   BDOS COMMAND #33....READ RANDOM FILE
                         3082 | ;
                         3083 | ;   ON ENTRY FCB BYTES 33 AND 34 CONTAIN SECTOR
                         3084 | ;   NUMBER IN THE RANGE OF 0 TO 65535. FILE
                         3085 | ;   MUST HAVE BEEN PREVIOUSLY OPENED FOR
                         3086 | ;   RANDOM READING.
                         3087 | ;
F941: CD 51 F8           3088 | COM33:  CALL    SETUP   ;SET UP DISK PARAMETERS
F944: C3 93 F7           3089 |     JMP RDRAND  ;GO READ THE SECTOR
                         3090 | ;
                         3091 | ;   BDOS COMMAND #34....WRITE RANDOM FILE
                         3092 | ;
                         3093 | ;   SAME AS ABOVE, EXCEPT THAT THE SECTOR
                         3094 | ;   IS WRITTEN TO.
                         3095 | ;
F947: CD 51 F8           3096 | COM34:  CALL    SETUP   ;SET UP DISK PARAMETERS
F94A: C3 9C F7           3097 |     JMP WRRAND  ;GO WRITE THE SECTOR
                         3098 | ;
                         3099 | ;   BDOS COMMAND #35....COMPUTE FILE SIZE
                         3100 | ;
                         3101 | ;   BRINGS BACK THE NUMBER OF THE LAST SECTOR
                         3102 | ;   OF A FILE IN FCB BYTES 33 & 34. USED TO
                         3103 | ;   CHANGE FROM SEQUENTIAL TO RANDOM WRITING
                         3104 | ;   OF A FILE AFTER PART OF THE FILE HAS BEEN
                         3105 | ;   SEQUENTIALLY WRITTEN.
                         3106 | ;
F94D: CD 51 F8           3107 | COM35:  CALL    SETUP   ;SET UP DISK PARAMETERS
F950: C3 D2 F7           3108 |     JMP FSIZE   ;GO COMPUTE FILE SIZE
                         3109 | ;
                         3110 | ;   BDOS COMMAND #37....UNDOCUMENTED COMMAND
                         3111 | ;
                         3112 | ;   THIS COMMAND UNLOGS AND UNPROTECTS SELECTED
                         3113 | ;   DISK DRIVES. ON ENTRY A 16 BIT WORD WITH
                         3114 | ;   BITS SET CORRESPONDING TO THE DRIVES TO BE
                         3115 | ;   CLEARED IS USED  TO CLEAR THE CORRESPONDING
                         3116 | ;   BITS FROM THE LOG-IN AND R/OJ WORDS
                         3117 | ;
F953: 2A 43 EF           3118 | COM37:  LHLD    ENTPAR  ;GET LOG-OFF WORD
F956: 7D                 3119 |     MOV A,L ;COMPLEMENT IT
F957: 2F                 3120 |     CMA     ;
F958: 5F                 3121 |     MOV E,A ;
F959: 7C                 3122 |     MOV A,H ;
F95A: 2F                 3123 |     CMA     ;
F95B: 2A AF F9           3124 |     LHLD    LOGVEC  ;GET LOG IN VECTOR
F95E: A4                 3125 |     ANA H   ;.AND. OUT THE LOG-IN WORD


Assembly Listing                                                                                                Page: 57
------------------------------------------------------------------------------------------------------------------------

F95F: 57                 3126 |     MOV D,A ;
F960: 7D                 3127 |     MOV A,L ;
F961: A3                 3128 |     ANA E   ;
F962: 5F                 3129 |     MOV E,A ;PLACE RESULT IN (DE)
F963: 2A AD F9           3130 |     LHLD    ROWORD  ;GET THE WRITE PROTECT STATUS WORD
F966: EB                 3131 |     XCHG        ;PUT IT IN (DE)
F967: 22 AF F9           3132 |     SHLD    LOGVEC  ;STORE THE UPDATED LOG IN VECTOR
F96A: 7D                 3133 |     MOV A,L ;.AND. IT WITH THE R/O WORD TO
F96B: A3                 3134 |     ANA E   ; REMOVE ANY LOGGED OUT BITS
F96C: 6F                 3135 |     MOV L,A ;
F96D: 7C                 3136 |     MOV A,H ;
F96E: A2                 3137 |     ANA D   ;
F96F: 67                 3138 |     MOV H,A ;
F970: 22 AD F9           3139 |     SHLD    ROWORD  ;STORE UPDATED R/O WORD
F973: C9                 3140 |     RET     ;EXIT
                         3141 | ;
                         3142 | ;   EXIT POINT FOR ALL BDOS COMMANDS
                         3143 | ;
                         3144 | ;   CHECK IS MADE AS TO WHETHER DISK WAS USED DURING
                         3145 | ;   THE BDOS CALL. IF IT WAS, THE APPRORIATE DISK
                         3146 | ;   NUMBER IS PUT BACK INTO THE FIRST BYTE OF THE
                         3147 | ;   FILE CONTROL BLOCK.
                         3148 | ;   THE RETURN PARAMETER IS PICKED UP AND PLACED IN
                         3149 | ;   BOTH (HL) AND (A) & (B). THE USE OF (A) & (B) IS
                         3150 | ;   DONE TO MAINTAIN COMPATABILITY WITH CP/M 1.4
                         3151 | ;
F974: 3A DE F9           3152 | BDOS2:  LDA SETUPF  ;WAS DISK USED?
F977: B7                 3153 |     ORA A   ;
F978: CA 91 F9           3154 |     JZ  BDOS3   ;NO- SKIP OVER
                         3155 | ;
F97B: 2A 43 EF           3156 |     LHLD    ENTPAR  ;POINT TO START OF FCB
F97E: 36 00              3157 |     MVI M,00H   ;SET TO CURRENT DRIVE
F980: 3A E0 F9           3158 |     LDA DISKNO  ; AHA, BUT WAS IT A TRANSIENT DRIVE?
F983: B7                 3159 |     ORA A   ;
F984: CA 91 F9           3160 |     JZ  BDOS3   ;NO- SKIP OVER
F987: 77                 3161 |     MOV M,A ;YES- SET BACK TO CORRECT DRIVE
F988: 3A DF F9           3162 |     LDA LOGDSK  ;NOW GET LOGGED IN DRIVE NUMBER
F98B: 32 D6 F9           3163 |     STA PARAM1  ; PUT IT IN PLACE FOR DISK CHANGE
F98E: CD 45 F8           3164 |     CALL    COM14   ;SELECT LOGGED-IN DISK DRIVE
F991: 2A 0F EF           3165 | BDOS3:  LHLD    PSTACK  ;RESTORE CALLING PROGRAM STACK POINTER
F994: F9                 3166 |     SPHL        ;
F995: 2A 45 EF           3167 |     LHLD    RETPAR  ;GET RETURN PARAMETER IN (HL)
F998: 7D                 3168 |     MOV A,L ;ECHO IT IN (A) & (B)
F999: 44                 3169 |     MOV B,H ;
F99A: C9                 3170 |     RET     ;GRAND EXIT FROM BDOS..........
                         3171 |             ;...............BACK TO CALLER.
                         3172 | ;
                         3173 | ;   BDOS COMMAND #40....UNDOCUMENTED COMMAND
                         3174 | ;
                         3175 | ;   EXACT USE HAS NOT BEEN DETERMINED AS YET,
                         3176 | ;   BUT IT SEEMS TO BE SOME SORT OF RANDOM
                         3177 | ;   WRITE.
                         3178 | ;   ....MUST LOOK INTO THIS FURTHER.
                         3179 | ;
F99B: CD 51 F8           3180 | COM40:  CALL    SETUP   ;SET UP DISK PARAMETERS
F99E: 3E 02              3181 |     MVI A,02H   ;SET SERNFL TO 02 (ALL OTHER


Assembly Listing                                                                                                Page: 58
------------------------------------------------------------------------------------------------------------------------

                         3182 |             ;TIMES IT IS SET TO 00 OR 0FFH)
F9A0: 32 D5 F9           3183 |     STA SERNFL  ;SEQUENTIAL/RANDOM I/O FLAG
F9A3: 0E 00              3184 |     MVI C,00H   ;WRITE FLAG
F9A5: CD 07 F7           3185 |     CALL    SETRN1  ;SET UP THE RANDOM PARAMETERS
F9A8: CC 03 F6           3186 |     CZ  WRSEQ1  ;WRITE A SECTOR
F9AB: C9                 3187 |     RET     ;
                         3188 | ;
                         3189 | ;   END OF PROGRAM AREA.........
                         3190 | ;   ..........START OF PARAMETER
                         3191 | ;   STORAGE AREA #2.............
                         3192 | ;
F9AC: E5                 3193 | DMYFCB: DB  0E5H    ;DUMMY FCB- USED FOR SEARCHING FOR
                         3194 |             ;UNUSED DIRECTORY SLOTS
F9AD: 00 00              3195 | ROWORD: DW  0000H   ;READ ONLY DISK STATUS WORD
F9AF: 00 00              3196 | LOGVEC: DW  0000H   ;LOG IN VECTOR
F9B1: 80 00              3197 | CURDMA: DW  DDMA    ;CURRENT DMA ADDRESS. INTIALLY = DDMA
F9B3: 00 00              3198 | DWORD1: DW  0000H   ;
F9B5: 00 00              3199 | DWORD2: DW  0000H   ;
F9B7: 00 00              3200 | DWORD3: DW  0000H   ;
F9B9: 00 00              3201 | DIRBPT: DW  0000H   ;DIRECTORY BUFFER POINTER
F9BB: 00 00              3202 | DPBLK:  DW  0000H   ;DISK PARAMETER BLOCK POINTER
F9BD: 00 00              3203 | DIRCRC: DW  0000H   ;DIRECTORY CHECKSUM BLOCK POINTER
F9BF: 00 00              3204 | DALLOC: DW  0000H   ;ALLOCATION BIT MAP POINTER
                         3205 | ;
                         3206 | ;   DISK PARAMETER BLOCK
                         3207 | ;   Moved into place when disk is logged in
                         3208 | ;
F9C1: 00 00              3209 | SECTRS: DW  0000H   ;SECTORS PER TRACK
F9C3: 00                 3210 | BLSHFT: DB  00H ;BLOCK SHIFT FACTOR
F9C4: 00                 3211 | BLMASK: DB  00H ;DISK BLOCK MASK
F9C5: 00                 3212 | NLMASK: DB  00H ;NULL BLOCK  MASK
F9C6: 00 00              3213 | DSKSIZ: DW  0000H   ;DISK SIZE, # OF 1K BLOCKS -1
F9C8: 00 00              3214 | DIRMAX: DW  0000H   ;MAX NUMBER OF ENTRIES IN DIRECTORY
F9CA: 00 00              3215 | ALLOC0: DW  0000H   ;SIZE OF ALLOCATION BLOCK
F9CC: 00 00              3216 | CHKSIZ: DW  0000H   ;NUMBER OF DIRECTORY SECTORS TO BE CHECKED
F9CE: 00 00              3217 | DIRTRK: DW  0000H   ;DIRECTORY TRACK NUMBER
                         3218 | ;
F9D0: 00 00              3219 | SECTBL: DW  0000H   ;VECTOR TO SECTOR TRANSLATION TABLE
F9D2: 00                 3220 | MAKEFL: DB  00H ;MAKE-FILE FLAG
F9D3: 00                 3221 | RDWRFL: DB  00H ;READ/WRITE FLAG
F9D4: 00                 3222 | SRCHFL: DB  00H ;POINTER SET TO 0FFH BY SERCHF AND
                         3223 |             ;CLEARED TO 00 WHEN A FILE NAME MATCH
                         3224 |             ;HAS BEEN MADE
F9D5: 00                 3225 | SERNFL: DB  00H ;SEQUENTIAL/RANDOM I/O FLAG
                         3226 |             ;SET 01 FOR SEQUENTIAL READ/WRITE
                         3227 |             ;SET 00 FOR RANDOM READ/WRITE
                         3228 |             ;SET 02 FOR UNDOCUMENTED COMMAND #40
F9D6: 00                 3229 | PARAM1: DB  00H ;SET TO (E) ON ENTRY TO BDOS, THEN
                         3230 |             ;USED TO STORE DISK NUMBER
F9D7: 00                 3231 | BLKOFF: DB  00H ;TEMPORARY STORAGE FOR OFFSET TO BLOCK
                         3232 |             ;NUMBER IN DIRECTORY DURING WRSEQ.
                         3233 |             ;POINTS TO BYTE(S) THAT CONTAIN THE
                         3234 |             ;CURRENT BLOCK NUMBER. WHEN THE 8TH
                         3235 |             ;SECTOR OF THE BLOCK HAS BEEN WRITTEN,
                         3236 |             ;BLKOFF IS INCREMENTED AND A NEW BLOCK
                         3237 |             ;SELECTED.


Assembly Listing                                                                                                Page: 59
------------------------------------------------------------------------------------------------------------------------

F9D8: 00                 3238 | SRCHCT: DB  00H ;SEARCH COUNTER-NUMBER OF BYTES TO BE
                         3239 |             ;COMPARED BETWEEN THE FILE CONTROL
                         3240 |             ;BLOCK AND THE DIRECTORY ENTRY. THE
                         3241 |             ;COUNT IS SET ON ENTRY VIA SERCHF &
                         3242 |             ;PICKED UP FOR USE BY SERCHN
F9D9: 00 00              3243 | SRCHFP: DW  0000H   ;SEARCH FCB POINTER, SET BY SERCHF/SERCHN
F9DB: 00 00              3244 |     DW  0000H   ;(NOT USED)
F9DD: 00                 3245 | BIGDSK: DB  00H ;8" SD: 0FFH, LARGE CAP DISK: 00H
F9DE: 00                 3246 | SETUPF: DB  00H ;
F9DF: 00                 3247 | LOGDSK: DB  00H ;
F9E0: 00                 3248 | DISKNO: DB  00H ;
F9E1: 00                 3249 | RECCTR: DB  00H ;FILE RECORD COUNTER:: FCB + 15
F9E2: 00                 3250 | EXTCTR: DB  00H ;FILE EXTENT COUNTER: FCB + 12
F9E3: 00 00              3251 | CURREC: DW  0000H   ;CURRENT RECORD:: FCB + 32
F9E5: 00 00              3252 | SCNTR1: DW  0000H   ;SECTOR COUNTER #1
F9E7: 00 00              3253 | SCNTR2: DW  0000H   ;SECTOR COUNTER #2
F9E9: 00                 3254 | DIROFF: DB  00H ;DIRECTORY OFFSET
F9EA: 00 00              3255 | BLCTR1: DW  0000H   ;BLOCK COUNTER #1
F9EC: 00 00              3256 | BLCTR2: DW  0000H   ;BLOCK COUNTER #2
                         3257 | ;
                         3258 | ;   BIOS JUMP TABLE AREA
                         3259 | ;
                         3260 |     ORG BIOS
                         3261 | ;
FA00:                    3262 | CBOOT:  DS  3   ;BIOS CALL/COLD BOOT
FA03:                    3263 | WBOOT:  DS  3   ;BIOS CALL/WARM BOOT
FA06:                    3264 | CONST:  DS  3   ;BIOS CALL/CONSOLE STATUS
FA09:                    3265 | CONIN:  DS  3   ;BIOS CALL/CONSOLE INPUT
FA0C:                    3266 | CONOUT: DS  3   ;BIOS CALL/CONSOLE OUTPUT
FA0F:                    3267 | LIST:   DS  3   ;BIOS CALL/LIST DEVICE OUTPUT
FA12:                    3268 | PUNCH:  DS  3   ;BIOS CALL/PUNCH DEVICE OUTPUT
FA15:                    3269 | READER: DS  3   ;BIOS CALL/TAPE READER INPUT
FA18:                    3270 | HOME:   DS  3   ;BIOS CALL/MOVE DISK HEAD TO TRACK 00
FA1B:                    3271 | SELDSK: DS  3   ;BIOS CALL/SELECT DISK DRIVE
FA1E:                    3272 | SETTRK: DS  3   ;BIOS CALL/SET DISK TRACK
FA21:                    3273 | SETSEC: DS  3   ;BIOS CALL/SET DISK SECTOR
FA24:                    3274 | SETDMA: DS  3   ;BIOS CALL/SET DMA
FA27:                    3275 | READ:   DS  3   ;BIOS CALL/READ DISK SECTOR
FA2A:                    3276 | WRITE:  DS  3   ;BIOS CALL/WRITE DISK SECTOR
FA2D:                    3277 | LISTST: DS  3   ;BIOS CALL/RETURN LIST DEVICE STATUS
FA30:                    3278 | SECTRN: DS  3   ;BIOS CALL/SECTOR TRANSLATE
                         3279 | ;END OF SOURCE CODE
                         3280 | FINISH: END

